-- phpMyAdmin SQL Dump
-- version 4.3.8
-- http://www.phpmyadmin.net
--
-- Host: localhost
-- Generation Time: Jun 21, 2018 at 06:07 AM
-- Server version: 5.6.32-78.1
-- PHP Version: 5.6.30

SET SQL_MODE = "NO_AUTO_VALUE_ON_ZERO";
SET time_zone = "+00:00";


/*!40101 SET @OLD_CHARACTER_SET_CLIENT=@@CHARACTER_SET_CLIENT */;
/*!40101 SET @OLD_CHARACTER_SET_RESULTS=@@CHARACTER_SET_RESULTS */;
/*!40101 SET @OLD_COLLATION_CONNECTION=@@COLLATION_CONNECTION */;
/*!40101 SET NAMES utf8 */;

--
-- Database: `cupcardc_coffee`
--

-- --------------------------------------------------------

--
-- Table structure for table `cafe_admin`
--

CREATE TABLE IF NOT EXISTS `cafe_admin` (
  `cafe_admin_id` int(11) NOT NULL,
  `user_id` int(11) NOT NULL,
  `cafe_id` int(11) NOT NULL,
  `admin_updated` enum('yes','no') COLLATE utf8_unicode_ci NOT NULL,
  `created_at` timestamp NOT NULL DEFAULT CURRENT_TIMESTAMP ON UPDATE CURRENT_TIMESTAMP
) ENGINE=MyISAM AUTO_INCREMENT=61 DEFAULT CHARSET=utf8 COLLATE=utf8_unicode_ci;

--
-- Dumping data for table `cafe_admin`
--

INSERT INTO `cafe_admin` (`cafe_admin_id`, `user_id`, `cafe_id`, `admin_updated`, `created_at`) VALUES
(45, 278, 48, 'yes', '2018-04-09 23:24:38'),
(43, 241, 46, 'yes', '2018-03-08 23:16:19'),
(44, 273, 47, 'yes', '2018-04-07 10:44:18'),
(48, 284, 51, 'yes', '2018-04-10 12:32:20'),
(52, 343, 55, 'yes', '2018-04-26 11:19:52'),
(53, 369, 56, 'yes', '2018-05-29 10:53:35'),
(54, 375, 57, 'yes', '2018-06-09 03:03:04'),
(55, 376, 58, 'yes', '2018-06-09 03:48:13'),
(56, 377, 59, 'yes', '2018-06-09 04:54:18'),
(57, 378, 60, 'yes', '2018-06-09 05:09:47'),
(58, 379, 61, 'yes', '2018-06-09 05:27:30'),
(59, 380, 62, 'yes', '2018-06-09 05:39:10'),
(60, 383, 63, 'yes', '2018-06-09 08:42:03');

-- --------------------------------------------------------

--
-- Table structure for table `cafe_info`
--

CREATE TABLE IF NOT EXISTS `cafe_info` (
  `cafe_id` int(11) NOT NULL,
  `cafe_name` varchar(255) COLLATE utf8_unicode_ci NOT NULL,
  `street_address` varchar(11255) COLLATE utf8_unicode_ci NOT NULL,
  `region` varchar(255) COLLATE utf8_unicode_ci NOT NULL,
  `city` varchar(255) COLLATE utf8_unicode_ci NOT NULL,
  `country` varchar(255) COLLATE utf8_unicode_ci NOT NULL,
  `post_code` varchar(255) COLLATE utf8_unicode_ci NOT NULL,
  `photo` varchar(255) COLLATE utf8_unicode_ci NOT NULL,
  `latitude` varchar(255) COLLATE utf8_unicode_ci NOT NULL,
  `longitude` varchar(255) COLLATE utf8_unicode_ci NOT NULL,
  `website` varchar(255) COLLATE utf8_unicode_ci NOT NULL,
  `phone` varchar(255) COLLATE utf8_unicode_ci NOT NULL,
  `email` varchar(255) COLLATE utf8_unicode_ci NOT NULL,
  `created_at` timestamp NOT NULL DEFAULT CURRENT_TIMESTAMP ON UPDATE CURRENT_TIMESTAMP,
  `updated_at` timestamp NOT NULL DEFAULT '0000-00-00 00:00:00'
) ENGINE=MyISAM AUTO_INCREMENT=64 DEFAULT CHARSET=utf8 COLLATE=utf8_unicode_ci;

--
-- Dumping data for table `cafe_info`
--

INSERT INTO `cafe_info` (`cafe_id`, `cafe_name`, `street_address`, `region`, `city`, `country`, `post_code`, `photo`, `latitude`, `longitude`, `website`, `phone`, `email`, `created_at`, `updated_at`) VALUES
(48, 'Auckland', '91-93 Albert St, Auckland, 1010, New Zealand', 'Auckland', 'Auckland', 'New Zealand', '1010', '', '-36.84847043184532', '174.76348262571423', '', '23097345098356', 'info@cupcardcafe.com', '2018-04-09 23:24:38', '2018-04-09 23:24:38'),
(46, 'Pemberton', '7406 Laurel St, Pemberton, BC V0N 2L0, Canada', 'British Columbia', 'Squamish-Lillooet', 'Canada', 'V0N 2L0', 'uGOXzZMS4km0.jpg', '50.320413696313494', '-122.79522503192271', 'pembertoncafe.com', '45646', 'newslettertest@cupcardcafe.com', '2018-05-29 05:40:44', '2018-05-29 11:40:44'),
(47, 'Ifisol', 'Street No 6, Mehmood Abad Pindora, Rawalpindi, Punjab, Pakistan', 'Punjab', 'Rawalpindi', 'Pakistan', '1234', '', '33.65182080957047', '73.0654314820058', '', '', 'info@cupcardcafe.com', '2018-04-07 10:44:18', '2018-04-07 10:44:18'),
(51, 'Urraish Raza', 'Tarlai Kalan, Islamabad Capital Territory, Pakistan', 'Islamabad', 'Tarlai Kalan', 'Pakistan', '44000', '_YVDcNJWaEqk.jpg', '49.28307569347128', '-123.12794845541208', 'http://themextic.com/megastack/light-admin-with-pattern-header', '03338075042', 'uraza095@gmail.com', '2018-04-23 06:01:16', '2018-04-23 12:01:16'),
(55, 'Sam James Coffee Bar - Harbord', '295 Harbord St, Toronto, ON M6G 1G7, Canada', 'Ontario', 'Toronto Division', 'Canada', 'M6G 1G7', 'WQRbTf_5ZjlS.jpg', '43.66025472342237', '-79.41538380242474', 'https://www.flickr.com/photos/bilodeau/2438133443', '123456789', 'sam@james.com', '2018-04-26 11:19:52', '2018-04-26 11:19:52'),
(56, 'lisa', 'The Sutton Place, Vancouver, BC V6Z, Canada', 'British Columbia', 'Greater Vancouver', 'Canada', 'V6Z', '', '49.283065428713094', '-123.12571681298283', 'lisa', '123321', 'lisa@gmail.com', '2018-05-29 05:41:46', '2018-05-29 11:41:46'),
(57, 'Lift Coffee Company', '4293 Mountain Square, Whistler, BC V0N 1B4', 'British Columbia', 'Squamish-Lillooet', 'Canada', 'V0N 1B4', '', '50.112839567556364', '-122.95492879792141', '', '6049056621', 'james@jbcoffee.ca', '2018-06-09 03:03:04', '2018-06-09 03:03:04'),
(58, 'Moguls Coffee House', '202, 4208 Village Square, Whistler, BC V0N 1B4, Canada', 'British Columbia', 'Squamish-Lillooet', 'Canada', 'V0N 1B4', 'fym8OWTYbxsz.jpg', '50.115116840692394', '-122.95615448119224', '', '6049324845', '', '2018-06-08 21:56:24', '2018-06-09 03:56:24'),
(59, 'Mt Currie Coffee Company', '4369 Main St, Whistler, BC V0N 1B4, Canada', 'British Columbia', 'Squamish-Lillooet', 'Canada', 'V0N 1B4', 'gYGeHihAWPMT.jpg', '50.118258708015176', '-122.95785420813456', 'mountcurriecoffee.com', '6049622288', 'info@mountcurriecoffee.com', '2018-06-09 04:54:18', '2018-06-09 04:54:18'),
(60, 'Pikolo Espresso Bar', '8200 Bear Paw Trail, Whistler, BC V0N 1B8, Canada', 'British Columbia', 'Squamish-Lillooet', 'Canada', 'V0N 1B8', '8OnWTt1rS0yU.jpg', '50.15621654845816', '-122.95468365648088', 'pikoloespresso.com', '', '', '2018-06-09 05:09:47', '2018-06-09 05:09:47'),
(61, 'Fix Cafe', '2131 Lake Placid Rd, Whistler, BC V0N 1B2, Canada', 'British Columbia', 'Squamish-Lillooet', 'Canada', 'V0N 1B2', 'wP_0oeT2snm5.gif', '50.096229832086095', '-122.99534072327623', 'nitalakelodge.com/dining/fix-cafe-en.html', '6049665700', 'info@nitalakelodge.com', '2018-06-09 05:27:30', '2018-06-09 05:27:30'),
(62, 'Cheaky''s Cafe', '1035 Legacy Way, Whistler, BC V0N 1B1, Canada', 'British Columbia', 'Squamish-Lillooet', 'Canada', 'V0N 1B1', 'BChbt_Wi8wUT.jpeg', '50.07961730726128', '-123.04217715370356', 'http://hihostels.ca/en/destinations/british-columbia/hi-whistler', '6049620025', '', '2018-06-08 23:58:56', '2018-06-09 05:58:56'),
(63, 'Fuel + Forest Cafe', 'Cheakamus Way, Squamish, BC V8B 0N2, Canada', 'British Columbia', 'Squamish-Lillooet', 'Canada', 'V8B 0N2', 'd9hlHbO2U8SX.jpg', '49.74176182888566', '-123.13394561600546', '', '6048985251', '', '2018-06-09 02:48:39', '2018-06-09 08:48:39');

-- --------------------------------------------------------

--
-- Table structure for table `cafe_qr`
--

CREATE TABLE IF NOT EXISTS `cafe_qr` (
  `cafe_qr_id` int(11) NOT NULL,
  `qr_random_id` varchar(255) NOT NULL,
  `cafe_id` int(11) NOT NULL COMMENT 'Cafe Admin',
  `status` enum('valid','expire') NOT NULL,
  `pdf_name` varchar(255) NOT NULL,
  `pdf_download_counter` int(22) NOT NULL,
  `last_downlaod_date` timestamp NOT NULL DEFAULT CURRENT_TIMESTAMP ON UPDATE CURRENT_TIMESTAMP,
  `created_at` timestamp NOT NULL DEFAULT '0000-00-00 00:00:00',
  `expire_at` timestamp NOT NULL DEFAULT '0000-00-00 00:00:00'
) ENGINE=MyISAM AUTO_INCREMENT=142 DEFAULT CHARSET=latin1;

--
-- Dumping data for table `cafe_qr`
--

INSERT INTO `cafe_qr` (`cafe_qr_id`, `qr_random_id`, `cafe_id`, `status`, `pdf_name`, `pdf_download_counter`, `last_downlaod_date`, `created_at`, `expire_at`) VALUES
(124, '45691596', 46, 'expire', 'Mcd_Luke_2018-03-08-16-18-29', 0, '2018-03-08 16:19:07', '2018-03-08 23:18:29', '2018-03-08 23:19:07'),
(125, '28425876', 46, 'expire', 'Mcd_Luke_2018-03-08-16-19-07', 1, '2018-05-07 19:54:14', '2018-03-08 23:19:07', '2018-05-08 01:54:14'),
(130, '96135521', 51, 'expire', 'Urraish_Raza_2018-04-10-07-13-28', 0, '2018-04-17 06:58:24', '2018-04-10 13:13:28', '2018-04-17 12:58:24'),
(129, '18521173', 51, 'expire', 'Urraish_Raza_2018-04-10-06-32-48', 0, '2018-04-10 07:13:28', '2018-04-10 12:32:48', '2018-04-10 13:13:28'),
(128, '53918952', 47, 'valid', 'Ifisol test cafe_Ifisol_2018-04-07-04-45-39', 0, '2018-04-07 10:45:39', '2018-04-07 10:45:39', '2018-04-07 10:45:39'),
(131, '52191349', 51, 'valid', 'Urraish_Raza_2018-04-17-06-58-24', 0, '2018-04-17 12:58:24', '2018-04-17 12:58:24', '2018-04-17 12:58:24'),
(132, '22881368', 48, 'valid', 'auckland_cafe_2018-04-20-22-46-04', 1, '2018-04-24 22:40:37', '2018-04-21 04:46:04', '2018-04-21 04:46:04'),
(133, '75141746', 55, 'valid', 'Sam_James_2018-04-26-05-20-45', 0, '2018-04-26 11:20:45', '2018-04-26 11:20:45', '2018-04-26 11:20:45'),
(134, '69566661', 46, 'expire', 'Mcd_Luke_2018-05-07-19-54-14', 0, '2018-05-09 21:11:13', '2018-05-08 01:54:14', '2018-05-10 03:11:13'),
(135, '26881262', 46, 'expire', 'Mcd_Luke_2018-05-09-21-11-13', 0, '2018-05-29 04:42:25', '2018-05-10 03:11:13', '2018-05-29 10:42:25'),
(136, '74668931', 46, 'expire', 'Mcd_Luke_2018-05-29-04-42-25', 0, '2018-05-29 04:42:37', '2018-05-29 10:42:25', '2018-05-29 10:42:37'),
(137, '22367415', 46, 'expire', 'Mcd_Luke_2018-05-29-04-42-37', 0, '2018-05-29 04:42:48', '2018-05-29 10:42:37', '2018-05-29 10:42:48'),
(138, '34788796', 46, 'valid', 'Mcd_Luke_2018-05-29-04-42-48', 0, '2018-05-29 10:42:48', '2018-05-29 10:42:48', '2018-05-29 10:42:48'),
(139, '49413945', 56, 'expire', 'lisa_cor_2018-05-29-05-50-39', 1, '2018-05-29 05:51:05', '2018-05-29 11:50:39', '2018-05-29 11:51:05'),
(140, '24293226', 56, 'expire', 'lisa_cor_2018-05-29-05-51-05', 0, '2018-05-29 05:51:08', '2018-05-29 11:51:05', '2018-05-29 11:51:08'),
(141, '24952244', 56, 'valid', 'lisa_cor_2018-05-29-05-51-08', 0, '2018-05-29 11:51:08', '2018-05-29 11:51:08', '2018-05-29 11:51:08');

-- --------------------------------------------------------

--
-- Table structure for table `cafe_qr_scanned`
--

CREATE TABLE IF NOT EXISTS `cafe_qr_scanned` (
  `qr_scan_id` int(11) NOT NULL,
  `buyer_id` int(11) NOT NULL,
  `cafe_id` int(11) NOT NULL,
  `visited_at` timestamp NOT NULL DEFAULT CURRENT_TIMESTAMP ON UPDATE CURRENT_TIMESTAMP,
  `scan_status` enum('active','expired') COLLATE utf8_unicode_ci NOT NULL,
  `winning_at` timestamp NOT NULL DEFAULT '0000-00-00 00:00:00',
  `award_at` timestamp NOT NULL DEFAULT '0000-00-00 00:00:00',
  `free_status` enum('purchased','won','awarded') COLLATE utf8_unicode_ci DEFAULT NULL
) ENGINE=MyISAM AUTO_INCREMENT=1427 DEFAULT CHARSET=utf8 COLLATE=utf8_unicode_ci;

--
-- Dumping data for table `cafe_qr_scanned`
--

INSERT INTO `cafe_qr_scanned` (`qr_scan_id`, `buyer_id`, `cafe_id`, `visited_at`, `scan_status`, `winning_at`, `award_at`, `free_status`) VALUES
(1283, 283, 51, '2018-04-10 06:33:37', 'expired', '2018-04-10 12:33:18', '2018-04-10 12:33:18', 'purchased'),
(1239, 242, 46, '2018-03-09 00:10:14', 'active', '2018-03-09 00:10:14', '2018-03-09 00:10:14', 'purchased'),
(1238, 242, 46, '2018-03-09 00:10:05', 'active', '2018-03-09 00:10:05', '2018-03-09 00:10:05', 'purchased'),
(1242, 245, 46, '2018-04-05 07:56:12', 'expired', '2018-03-30 13:35:19', '2018-03-30 13:35:19', 'purchased'),
(1243, 245, 46, '2018-04-05 07:56:12', 'expired', '2018-03-30 13:35:40', '2018-03-30 13:35:40', 'purchased'),
(1244, 245, 46, '2018-04-05 07:56:12', 'expired', '2018-03-30 13:36:31', '2018-03-30 13:36:31', 'purchased'),
(1245, 245, 46, '2018-04-05 07:56:12', 'expired', '2018-03-30 13:40:18', '2018-03-30 13:40:18', 'purchased'),
(1246, 245, 46, '2018-04-05 07:56:12', 'expired', '2018-03-30 13:41:27', '2018-03-30 13:41:27', 'purchased'),
(1247, 245, 46, '2018-04-05 07:56:12', 'expired', '2018-03-30 13:43:13', '2018-03-30 13:43:13', 'purchased'),
(1248, 245, 46, '2018-04-05 07:56:12', 'expired', '2018-03-30 13:59:35', '2018-03-30 13:59:35', 'purchased'),
(1260, 245, 46, '2018-04-05 07:56:12', 'expired', '2018-04-05 13:48:02', '2018-04-05 13:48:02', 'purchased'),
(1261, 264, 46, '2018-04-05 13:52:10', 'active', '2018-04-05 13:52:10', '2018-04-05 13:52:10', 'purchased'),
(1262, 245, 46, '2018-04-05 07:56:12', 'expired', '2018-04-05 13:54:56', '2018-04-05 13:54:56', 'won'),
(1263, 245, 46, '2018-04-05 13:56:12', 'expired', '2018-04-05 13:56:12', '2018-04-05 13:56:12', 'awarded'),
(1282, 283, 51, '2018-04-10 06:33:37', 'expired', '2018-04-10 12:33:15', '2018-04-10 12:33:15', 'purchased'),
(1281, 283, 51, '2018-04-10 06:33:37', 'expired', '2018-04-10 12:33:10', '2018-04-10 12:33:10', 'purchased'),
(1280, 283, 51, '2018-04-10 06:33:37', 'expired', '2018-04-10 12:33:06', '2018-04-10 12:33:06', 'purchased'),
(1284, 283, 51, '2018-04-10 06:33:37', 'expired', '2018-04-10 12:33:21', '2018-04-10 12:33:21', 'purchased'),
(1285, 283, 51, '2018-04-10 06:33:37', 'expired', '2018-04-10 12:33:23', '2018-04-10 12:33:23', 'purchased'),
(1286, 283, 51, '2018-04-10 06:33:37', 'expired', '2018-04-10 12:33:26', '2018-04-10 12:33:26', 'purchased'),
(1287, 283, 51, '2018-04-10 06:33:37', 'expired', '2018-04-10 12:33:29', '2018-04-10 12:33:29', 'purchased'),
(1288, 283, 51, '2018-04-10 06:33:37', 'expired', '2018-04-10 12:33:33', '2018-04-10 12:33:33', 'won'),
(1289, 283, 51, '2018-04-10 12:33:37', 'expired', '2018-04-10 12:33:37', '2018-04-10 12:33:37', 'awarded'),
(1290, 283, 51, '2018-04-10 06:34:24', 'expired', '2018-04-10 12:33:55', '2018-04-10 12:33:55', 'purchased'),
(1291, 283, 51, '2018-04-10 06:34:24', 'expired', '2018-04-10 12:33:58', '2018-04-10 12:33:58', 'purchased'),
(1292, 283, 51, '2018-04-10 06:34:24', 'expired', '2018-04-10 12:34:00', '2018-04-10 12:34:00', 'purchased'),
(1293, 283, 51, '2018-04-10 06:34:24', 'expired', '2018-04-10 12:34:03', '2018-04-10 12:34:03', 'purchased'),
(1294, 283, 51, '2018-04-10 06:34:24', 'expired', '2018-04-10 12:34:06', '2018-04-10 12:34:06', 'purchased'),
(1295, 283, 51, '2018-04-10 06:34:24', 'expired', '2018-04-10 12:34:08', '2018-04-10 12:34:08', 'purchased'),
(1296, 283, 51, '2018-04-10 06:34:24', 'expired', '2018-04-10 12:34:15', '2018-04-10 12:34:15', 'purchased'),
(1297, 283, 51, '2018-04-10 06:34:24', 'expired', '2018-04-10 12:34:18', '2018-04-10 12:34:18', 'purchased'),
(1298, 283, 51, '2018-04-10 06:34:24', 'expired', '2018-04-10 12:34:21', '2018-04-10 12:34:21', 'won'),
(1299, 283, 51, '2018-04-10 12:34:24', 'expired', '2018-04-10 12:34:24', '2018-04-10 12:34:24', 'awarded'),
(1300, 285, 51, '2018-04-10 13:13:34', 'active', '2018-04-10 13:13:34', '2018-04-10 13:13:34', 'purchased'),
(1301, 293, 51, '2018-04-11 07:14:51', 'expired', '2018-04-11 13:14:11', '2018-04-11 13:14:11', 'purchased'),
(1302, 293, 51, '2018-04-11 07:14:51', 'expired', '2018-04-11 13:14:16', '2018-04-11 13:14:16', 'purchased'),
(1303, 293, 51, '2018-04-11 07:14:51', 'expired', '2018-04-11 13:14:20', '2018-04-11 13:14:20', 'purchased'),
(1304, 293, 51, '2018-04-11 07:14:51', 'expired', '2018-04-11 13:14:25', '2018-04-11 13:14:25', 'purchased'),
(1305, 293, 51, '2018-04-11 07:14:51', 'expired', '2018-04-11 13:14:29', '2018-04-11 13:14:29', 'purchased'),
(1306, 293, 51, '2018-04-11 07:14:51', 'expired', '2018-04-11 13:14:36', '2018-04-11 13:14:36', 'purchased'),
(1307, 293, 51, '2018-04-11 07:14:51', 'expired', '2018-04-11 13:14:40', '2018-04-11 13:14:40', 'purchased'),
(1308, 293, 51, '2018-04-11 07:14:51', 'expired', '2018-04-11 13:14:43', '2018-04-11 13:14:43', 'purchased'),
(1309, 293, 51, '2018-04-11 07:14:51', 'expired', '2018-04-11 13:14:47', '2018-04-11 13:14:47', 'won'),
(1310, 293, 51, '2018-04-11 13:14:51', 'expired', '2018-04-11 13:14:51', '2018-04-11 13:14:51', 'awarded'),
(1311, 298, 46, '2018-04-15 12:36:48', 'active', '2018-04-15 12:36:48', '2018-04-15 12:36:48', 'purchased'),
(1312, 305, 46, '2018-04-15 12:48:11', 'active', '2018-04-15 12:48:11', '2018-04-15 12:48:11', 'purchased'),
(1313, 298, 46, '2018-04-15 12:59:33', 'active', '2018-04-15 12:59:33', '2018-04-15 12:59:33', 'purchased'),
(1314, 287, 51, '2018-04-15 07:18:49', 'expired', '2018-04-15 13:02:53', '2018-04-15 13:02:53', 'purchased'),
(1315, 287, 51, '2018-04-15 07:18:49', 'expired', '2018-04-15 13:03:36', '2018-04-15 13:03:36', 'purchased'),
(1316, 287, 51, '2018-04-15 07:18:49', 'expired', '2018-04-15 13:04:12', '2018-04-15 13:04:12', 'purchased'),
(1317, 287, 51, '2018-04-15 07:18:49', 'expired', '2018-04-15 13:04:15', '2018-04-15 13:04:15', 'purchased'),
(1318, 287, 51, '2018-04-15 07:18:49', 'expired', '2018-04-15 13:04:18', '2018-04-15 13:04:18', 'purchased'),
(1319, 287, 51, '2018-04-15 07:18:49', 'expired', '2018-04-15 13:04:20', '2018-04-15 13:04:20', 'purchased'),
(1320, 287, 51, '2018-04-15 07:18:49', 'expired', '2018-04-15 13:04:23', '2018-04-15 13:04:23', 'purchased'),
(1321, 287, 51, '2018-04-15 07:18:49', 'expired', '2018-04-15 13:04:26', '2018-04-15 13:04:26', 'purchased'),
(1322, 287, 51, '2018-04-15 07:18:49', 'expired', '2018-04-15 13:04:29', '2018-04-15 13:04:29', 'won'),
(1323, 301, 51, '2018-04-17 07:09:35', 'expired', '2018-04-15 13:05:16', '2018-04-15 13:05:16', 'purchased'),
(1324, 244, 51, '2018-04-15 13:07:12', 'active', '2018-04-15 13:07:12', '2018-04-15 13:07:12', 'purchased'),
(1325, 301, 51, '2018-04-17 07:09:35', 'expired', '2018-04-15 13:08:48', '2018-04-15 13:08:48', 'purchased'),
(1326, 301, 51, '2018-04-17 07:09:35', 'expired', '2018-04-15 13:09:02', '2018-04-15 13:09:02', 'purchased'),
(1327, 301, 51, '2018-04-17 07:09:35', 'expired', '2018-04-15 13:09:06', '2018-04-15 13:09:06', 'purchased'),
(1328, 301, 51, '2018-04-17 07:09:35', 'expired', '2018-04-15 13:10:44', '2018-04-15 13:10:44', 'purchased'),
(1329, 287, 51, '2018-04-15 13:18:49', 'expired', '2018-04-15 13:18:49', '2018-04-15 13:18:49', 'awarded'),
(1330, 301, 51, '2018-04-17 07:09:35', 'expired', '2018-04-15 13:22:00', '2018-04-15 13:22:00', 'purchased'),
(1331, 301, 51, '2018-04-17 07:09:35', 'expired', '2018-04-15 13:22:09', '2018-04-15 13:22:09', 'purchased'),
(1332, 307, 46, '2018-04-15 07:44:37', 'expired', '2018-04-15 13:33:41', '2018-04-15 13:33:41', 'purchased'),
(1333, 307, 46, '2018-04-15 07:44:37', 'expired', '2018-04-15 13:35:58', '2018-04-15 13:35:58', 'purchased'),
(1334, 307, 46, '2018-04-15 07:44:37', 'expired', '2018-04-15 13:36:20', '2018-04-15 13:36:20', 'purchased'),
(1335, 307, 46, '2018-04-15 07:44:37', 'expired', '2018-04-15 13:36:42', '2018-04-15 13:36:42', 'purchased'),
(1336, 307, 46, '2018-04-15 07:44:37', 'expired', '2018-04-15 13:38:46', '2018-04-15 13:38:46', 'purchased'),
(1337, 307, 46, '2018-04-15 07:44:37', 'expired', '2018-04-15 13:39:02', '2018-04-15 13:39:02', 'purchased'),
(1338, 307, 46, '2018-04-15 07:44:37', 'expired', '2018-04-15 13:44:01', '2018-04-15 13:44:01', 'purchased'),
(1339, 307, 46, '2018-04-15 07:44:37', 'expired', '2018-04-15 13:44:14', '2018-04-15 13:44:14', 'purchased'),
(1340, 307, 46, '2018-04-15 07:44:37', 'expired', '2018-04-15 13:44:24', '2018-04-15 13:44:24', 'won'),
(1341, 307, 46, '2018-04-15 13:44:37', 'expired', '2018-04-15 13:44:37', '2018-04-15 13:44:37', 'awarded'),
(1342, 308, 51, '2018-04-15 19:29:26', 'active', '2018-04-15 19:29:26', '2018-04-15 19:29:26', 'purchased'),
(1343, 310, 51, '2018-04-15 20:19:34', 'active', '2018-04-15 20:19:34', '2018-04-15 20:19:34', 'purchased'),
(1344, 313, 51, '2018-04-17 04:45:29', 'expired', '2018-04-17 10:37:52', '2018-04-17 10:37:52', 'purchased'),
(1345, 313, 51, '2018-04-17 04:45:29', 'expired', '2018-04-17 10:41:36', '2018-04-17 10:41:36', 'purchased'),
(1346, 313, 51, '2018-04-17 04:45:29', 'expired', '2018-04-17 10:45:08', '2018-04-17 10:45:08', 'purchased'),
(1347, 313, 51, '2018-04-17 04:45:29', 'expired', '2018-04-17 10:45:11', '2018-04-17 10:45:11', 'purchased'),
(1348, 313, 51, '2018-04-17 04:45:29', 'expired', '2018-04-17 10:45:14', '2018-04-17 10:45:14', 'purchased'),
(1349, 313, 51, '2018-04-17 04:45:29', 'expired', '2018-04-17 10:45:17', '2018-04-17 10:45:17', 'purchased'),
(1350, 313, 51, '2018-04-17 04:45:29', 'expired', '2018-04-17 10:45:19', '2018-04-17 10:45:19', 'purchased'),
(1351, 313, 51, '2018-04-17 04:45:29', 'expired', '2018-04-17 10:45:22', '2018-04-17 10:45:22', 'purchased'),
(1352, 313, 51, '2018-04-17 04:45:29', 'expired', '2018-04-17 10:45:25', '2018-04-17 10:45:25', 'won'),
(1353, 313, 51, '2018-04-17 10:45:29', 'expired', '2018-04-17 10:45:29', '2018-04-17 10:45:29', 'awarded'),
(1368, 307, 48, '2018-04-24 22:59:58', 'expired', '2018-04-21 04:46:18', '2018-04-21 04:46:18', 'purchased'),
(1367, 307, 48, '2018-04-24 22:59:58', 'expired', '2018-04-21 04:46:10', '2018-04-21 04:46:10', 'purchased'),
(1366, 301, 51, '2018-04-17 13:09:35', 'expired', '2018-04-17 13:09:35', '2018-04-17 13:09:35', 'awarded'),
(1365, 301, 51, '2018-04-17 07:09:35', 'expired', '2018-04-17 13:09:28', '2018-04-17 13:09:28', 'won'),
(1364, 301, 51, '2018-04-17 07:09:35', 'expired', '2018-04-17 13:05:29', '2018-04-17 13:05:29', 'purchased'),
(1369, 338, 51, '2018-04-23 12:00:02', 'active', '2018-04-23 12:00:02', '2018-04-23 12:00:02', 'purchased'),
(1370, 338, 51, '2018-04-23 12:00:28', 'active', '2018-04-23 12:00:28', '2018-04-23 12:00:28', 'purchased'),
(1371, 338, 51, '2018-04-23 12:01:30', 'active', '2018-04-23 12:01:30', '2018-04-23 12:01:30', 'purchased'),
(1372, 307, 47, '2018-04-24 22:59:58', 'expired', '2018-04-24 01:31:45', '2018-04-24 01:31:45', 'purchased'),
(1373, 307, 47, '2018-04-24 22:59:58', 'expired', '2018-04-24 01:34:10', '2018-04-24 01:34:10', 'purchased'),
(1374, 307, 47, '2018-04-24 22:59:58', 'expired', '2018-04-24 01:34:15', '2018-04-24 01:34:15', 'purchased'),
(1375, 307, 48, '2018-04-24 22:59:58', 'expired', '2018-04-25 04:52:48', '2018-04-25 04:52:48', 'purchased'),
(1376, 307, 48, '2018-04-24 22:59:58', 'expired', '2018-04-25 04:52:54', '2018-04-25 04:52:54', 'purchased'),
(1377, 307, 48, '2018-04-24 22:59:58', 'expired', '2018-04-25 04:59:31', '2018-04-25 04:59:31', 'purchased'),
(1378, 307, 48, '2018-04-24 22:59:58', 'expired', '2018-04-25 04:59:45', '2018-04-25 04:59:45', 'won'),
(1379, 307, 48, '2018-04-25 04:59:58', 'expired', '2018-04-25 04:59:58', '2018-04-25 04:59:58', 'awarded'),
(1380, 307, 48, '2018-04-25 05:00:08', 'active', '2018-04-25 05:00:08', '2018-04-25 05:00:08', 'purchased'),
(1381, 307, 48, '2018-04-25 05:00:27', 'active', '2018-04-25 05:00:27', '2018-04-25 05:00:27', 'purchased'),
(1382, 307, 48, '2018-04-25 05:00:39', 'active', '2018-04-25 05:00:39', '2018-04-25 05:00:39', 'purchased'),
(1383, 341, 47, '2018-04-26 00:57:12', 'active', '2018-04-26 00:57:12', '2018-04-26 00:57:12', 'purchased'),
(1384, 341, 47, '2018-04-26 00:59:46', 'active', '2018-04-26 00:59:46', '2018-04-26 00:59:46', 'purchased'),
(1385, 341, 47, '2018-04-26 01:00:05', 'active', '2018-04-26 01:00:05', '2018-04-26 01:00:05', 'purchased'),
(1386, 340, 47, '2018-04-26 01:14:41', 'active', '2018-04-26 01:14:41', '2018-04-26 01:14:41', 'purchased'),
(1387, 340, 47, '2018-04-26 01:15:24', 'active', '2018-04-26 01:15:24', '2018-04-26 01:15:24', 'purchased'),
(1388, 341, 47, '2018-04-26 08:36:14', 'active', '2018-04-26 08:36:14', '2018-04-26 08:36:14', 'purchased'),
(1389, 342, 55, '2018-04-26 11:21:13', 'active', '2018-04-26 11:21:13', '2018-04-26 11:21:13', 'purchased'),
(1390, 342, 55, '2018-04-26 11:23:06', 'active', '2018-04-26 11:23:06', '2018-04-26 11:23:06', 'purchased'),
(1391, 342, 55, '2018-04-26 11:23:10', 'active', '2018-04-26 11:23:10', '2018-04-26 11:23:10', 'purchased'),
(1392, 342, 55, '2018-04-26 11:23:14', 'active', '2018-04-26 11:23:14', '2018-04-26 11:23:14', 'purchased'),
(1393, 344, 47, '2018-04-30 02:11:43', 'expired', '2018-04-26 21:55:40', '2018-04-26 21:55:40', 'purchased'),
(1394, 344, 47, '2018-04-30 02:11:43', 'expired', '2018-04-30 08:10:47', '2018-04-30 08:10:47', 'purchased'),
(1395, 344, 47, '2018-04-30 02:11:43', 'expired', '2018-04-30 08:11:06', '2018-04-30 08:11:06', 'purchased'),
(1396, 344, 47, '2018-04-30 02:11:43', 'expired', '2018-04-30 08:11:10', '2018-04-30 08:11:10', 'purchased'),
(1397, 344, 47, '2018-04-30 02:11:43', 'expired', '2018-04-30 08:11:13', '2018-04-30 08:11:13', 'purchased'),
(1398, 344, 47, '2018-04-30 02:11:43', 'expired', '2018-04-30 08:11:17', '2018-04-30 08:11:17', 'purchased'),
(1399, 344, 47, '2018-04-30 02:11:43', 'expired', '2018-04-30 08:11:21', '2018-04-30 08:11:21', 'purchased'),
(1400, 344, 47, '2018-04-30 02:11:43', 'expired', '2018-04-30 08:11:27', '2018-04-30 08:11:27', 'purchased'),
(1401, 344, 47, '2018-04-30 02:11:43', 'expired', '2018-04-30 08:11:31', '2018-04-30 08:11:31', 'won'),
(1402, 344, 47, '2018-04-30 08:11:43', 'expired', '2018-04-30 08:11:43', '2018-04-30 08:11:43', 'awarded'),
(1403, 344, 48, '2018-05-04 03:14:03', 'active', '2018-05-04 03:14:03', '2018-05-04 03:14:03', 'purchased'),
(1404, 344, 48, '2018-05-04 03:14:12', 'active', '2018-05-04 03:14:12', '2018-05-04 03:14:12', 'purchased'),
(1405, 344, 48, '2018-05-04 03:14:21', 'active', '2018-05-04 03:14:21', '2018-05-04 03:14:21', 'purchased'),
(1406, 344, 48, '2018-05-04 03:49:25', 'active', '2018-05-04 03:49:25', '2018-05-04 03:49:25', 'purchased'),
(1407, 267, 47, '2018-05-04 04:24:07', 'active', '2018-05-04 04:24:07', '2018-05-04 04:24:07', 'purchased'),
(1408, 267, 47, '2018-05-04 04:24:49', 'active', '2018-05-04 04:24:49', '2018-05-04 04:24:49', 'purchased'),
(1409, 267, 47, '2018-05-04 04:25:32', 'active', '2018-05-04 04:25:32', '2018-05-04 04:25:32', 'purchased'),
(1410, 267, 47, '2018-05-04 04:28:13', 'active', '2018-05-04 04:28:13', '2018-05-04 04:28:13', 'purchased'),
(1411, 267, 47, '2018-05-04 04:28:45', 'active', '2018-05-04 04:28:45', '2018-05-04 04:28:45', 'purchased'),
(1412, 339, 55, '2018-05-04 10:53:53', 'active', '2018-05-04 10:53:53', '2018-05-04 10:53:53', 'purchased'),
(1413, 339, 55, '2018-05-04 10:55:21', 'active', '2018-05-04 10:55:21', '2018-05-04 10:55:21', 'purchased'),
(1414, 267, 46, '2018-05-08 01:54:39', 'active', '2018-05-08 01:54:39', '2018-05-08 01:54:39', 'purchased'),
(1415, 267, 46, '2018-05-08 02:35:40', 'active', '2018-05-08 02:35:40', '2018-05-08 02:35:40', 'purchased'),
(1416, 267, 46, '2018-05-08 03:30:39', 'active', '2018-05-08 03:30:39', '2018-05-08 03:30:39', 'purchased'),
(1417, 344, 56, '2018-05-29 11:52:25', 'active', '2018-05-29 11:52:25', '2018-05-29 11:52:25', 'purchased'),
(1418, 344, 46, '2018-06-09 03:15:25', 'active', '2018-06-09 03:15:25', '2018-06-09 03:15:25', 'purchased'),
(1419, 312, 46, '2018-06-09 06:35:11', 'active', '2018-06-09 06:35:11', '2018-06-09 06:35:11', 'purchased'),
(1420, 312, 46, '2018-06-09 06:35:29', 'active', '2018-06-09 06:35:29', '2018-06-09 06:35:29', 'purchased'),
(1421, 312, 46, '2018-06-09 06:35:40', 'active', '2018-06-09 06:35:40', '2018-06-09 06:35:40', 'purchased'),
(1422, 312, 46, '2018-06-09 06:46:04', 'active', '2018-06-09 06:46:04', '2018-06-09 06:46:04', 'purchased'),
(1423, 312, 46, '2018-06-09 06:46:12', 'active', '2018-06-09 06:46:12', '2018-06-09 06:46:12', 'purchased'),
(1424, 344, 46, '2018-06-09 06:49:12', 'active', '2018-06-09 06:49:12', '2018-06-09 06:49:12', 'purchased'),
(1425, 312, 46, '2018-06-12 00:09:54', 'active', '2018-06-12 00:09:54', '2018-06-12 00:09:54', 'purchased'),
(1426, 312, 46, '2018-06-12 22:56:30', 'active', '2018-06-12 22:56:30', '2018-06-12 22:56:30', 'purchased');

-- --------------------------------------------------------

--
-- Table structure for table `cafe_viewed`
--

CREATE TABLE IF NOT EXISTS `cafe_viewed` (
  `viewed_id` int(11) NOT NULL,
  `cafe_id` int(11) NOT NULL,
  `user_id` int(11) NOT NULL,
  `viewed_at` timestamp NOT NULL DEFAULT CURRENT_TIMESTAMP ON UPDATE CURRENT_TIMESTAMP
) ENGINE=MyISAM AUTO_INCREMENT=1568 DEFAULT CHARSET=utf8 COLLATE=utf8_unicode_ci;

--
-- Dumping data for table `cafe_viewed`
--

INSERT INTO `cafe_viewed` (`viewed_id`, `cafe_id`, `user_id`, `viewed_at`) VALUES
(1424, 51, 283, '2018-04-10 12:33:18'),
(1380, 46, 242, '2018-03-09 00:10:14'),
(1379, 46, 242, '2018-03-09 00:10:05'),
(1383, 46, 245, '2018-03-30 13:35:19'),
(1384, 46, 245, '2018-03-30 13:35:40'),
(1385, 46, 245, '2018-03-30 13:36:31'),
(1386, 46, 245, '2018-03-30 13:40:18'),
(1387, 46, 245, '2018-03-30 13:41:27'),
(1388, 46, 245, '2018-03-30 13:43:13'),
(1389, 46, 245, '2018-03-30 13:59:35'),
(1401, 46, 245, '2018-04-05 13:48:02'),
(1402, 46, 264, '2018-04-05 13:52:10'),
(1403, 46, 245, '2018-04-05 13:54:56'),
(1404, 46, 245, '2018-04-05 13:56:12'),
(1423, 51, 283, '2018-04-10 12:33:15'),
(1422, 51, 283, '2018-04-10 12:33:10'),
(1421, 51, 283, '2018-04-10 12:33:06'),
(1425, 51, 283, '2018-04-10 12:33:21'),
(1426, 51, 283, '2018-04-10 12:33:23'),
(1427, 51, 283, '2018-04-10 12:33:26'),
(1428, 51, 283, '2018-04-10 12:33:29'),
(1429, 51, 283, '2018-04-10 12:33:33'),
(1430, 51, 283, '2018-04-10 12:33:37'),
(1431, 51, 283, '2018-04-10 12:33:55'),
(1432, 51, 283, '2018-04-10 12:33:58'),
(1433, 51, 283, '2018-04-10 12:34:00'),
(1434, 51, 283, '2018-04-10 12:34:03'),
(1435, 51, 283, '2018-04-10 12:34:06'),
(1436, 51, 283, '2018-04-10 12:34:08'),
(1437, 51, 283, '2018-04-10 12:34:15'),
(1438, 51, 283, '2018-04-10 12:34:18'),
(1439, 51, 283, '2018-04-10 12:34:21'),
(1440, 51, 283, '2018-04-10 12:34:24'),
(1441, 51, 285, '2018-04-10 13:13:34'),
(1442, 51, 293, '2018-04-11 13:14:11'),
(1443, 51, 293, '2018-04-11 13:14:16'),
(1444, 51, 293, '2018-04-11 13:14:20'),
(1445, 51, 293, '2018-04-11 13:14:25'),
(1446, 51, 293, '2018-04-11 13:14:29'),
(1447, 51, 293, '2018-04-11 13:14:36'),
(1448, 51, 293, '2018-04-11 13:14:40'),
(1449, 51, 293, '2018-04-11 13:14:43'),
(1450, 51, 293, '2018-04-11 13:14:47'),
(1451, 51, 293, '2018-04-11 13:14:51'),
(1452, 46, 298, '2018-04-15 12:36:48'),
(1453, 46, 305, '2018-04-15 12:48:11'),
(1454, 46, 298, '2018-04-15 12:59:33'),
(1455, 51, 287, '2018-04-15 13:02:53'),
(1456, 51, 287, '2018-04-15 13:03:36'),
(1457, 51, 287, '2018-04-15 13:04:12'),
(1458, 51, 287, '2018-04-15 13:04:15'),
(1459, 51, 287, '2018-04-15 13:04:18'),
(1460, 51, 287, '2018-04-15 13:04:20'),
(1461, 51, 287, '2018-04-15 13:04:23'),
(1462, 51, 287, '2018-04-15 13:04:26'),
(1463, 51, 287, '2018-04-15 13:04:29'),
(1464, 51, 301, '2018-04-15 13:05:16'),
(1465, 51, 244, '2018-04-15 13:07:12'),
(1466, 51, 301, '2018-04-15 13:08:48'),
(1467, 51, 301, '2018-04-15 13:09:02'),
(1468, 51, 301, '2018-04-15 13:09:06'),
(1469, 51, 301, '2018-04-15 13:10:44'),
(1470, 51, 287, '2018-04-15 13:18:49'),
(1471, 51, 301, '2018-04-15 13:22:00'),
(1472, 51, 301, '2018-04-15 13:22:09'),
(1473, 46, 307, '2018-04-15 13:33:41'),
(1474, 46, 307, '2018-04-15 13:35:58'),
(1475, 46, 307, '2018-04-15 13:36:20'),
(1476, 46, 307, '2018-04-15 13:36:42'),
(1477, 46, 307, '2018-04-15 13:38:46'),
(1478, 46, 307, '2018-04-15 13:39:02'),
(1479, 46, 307, '2018-04-15 13:44:01'),
(1480, 46, 307, '2018-04-15 13:44:14'),
(1481, 46, 307, '2018-04-15 13:44:24'),
(1482, 46, 307, '2018-04-15 13:44:37'),
(1483, 51, 308, '2018-04-15 19:29:26'),
(1484, 51, 310, '2018-04-15 20:19:34'),
(1485, 51, 313, '2018-04-17 10:37:52'),
(1486, 51, 313, '2018-04-17 10:41:36'),
(1487, 51, 313, '2018-04-17 10:45:08'),
(1488, 51, 313, '2018-04-17 10:45:11'),
(1489, 51, 313, '2018-04-17 10:45:14'),
(1490, 51, 313, '2018-04-17 10:45:17'),
(1491, 51, 313, '2018-04-17 10:45:19'),
(1492, 51, 313, '2018-04-17 10:45:22'),
(1493, 51, 313, '2018-04-17 10:45:25'),
(1494, 51, 313, '2018-04-17 10:45:29'),
(1509, 48, 307, '2018-04-21 04:46:18'),
(1508, 48, 307, '2018-04-21 04:46:10'),
(1507, 51, 301, '2018-04-17 13:09:35'),
(1506, 51, 301, '2018-04-17 13:09:28'),
(1505, 51, 301, '2018-04-17 13:05:29'),
(1510, 51, 338, '2018-04-23 12:00:02'),
(1511, 51, 338, '2018-04-23 12:00:28'),
(1512, 51, 338, '2018-04-23 12:01:30'),
(1513, 47, 307, '2018-04-24 01:31:45'),
(1514, 47, 307, '2018-04-24 01:34:10'),
(1515, 47, 307, '2018-04-24 01:34:15'),
(1516, 48, 307, '2018-04-25 04:52:48'),
(1517, 48, 307, '2018-04-25 04:52:54'),
(1518, 48, 307, '2018-04-25 04:59:31'),
(1519, 48, 307, '2018-04-25 04:59:45'),
(1520, 48, 307, '2018-04-25 04:59:58'),
(1521, 48, 307, '2018-04-25 05:00:08'),
(1522, 48, 307, '2018-04-25 05:00:27'),
(1523, 48, 307, '2018-04-25 05:00:39'),
(1524, 47, 341, '2018-04-26 00:57:12'),
(1525, 47, 341, '2018-04-26 00:59:46'),
(1526, 47, 341, '2018-04-26 01:00:05'),
(1527, 47, 340, '2018-04-26 01:14:41'),
(1528, 47, 340, '2018-04-26 01:15:24'),
(1529, 47, 341, '2018-04-26 08:36:14'),
(1530, 55, 342, '2018-04-26 11:21:13'),
(1531, 55, 342, '2018-04-26 11:23:06'),
(1532, 55, 342, '2018-04-26 11:23:10'),
(1533, 55, 342, '2018-04-26 11:23:14'),
(1534, 47, 344, '2018-04-26 21:55:40'),
(1535, 47, 344, '2018-04-30 08:10:47'),
(1536, 47, 344, '2018-04-30 08:11:06'),
(1537, 47, 344, '2018-04-30 08:11:10'),
(1538, 47, 344, '2018-04-30 08:11:13'),
(1539, 47, 344, '2018-04-30 08:11:17'),
(1540, 47, 344, '2018-04-30 08:11:21'),
(1541, 47, 344, '2018-04-30 08:11:27'),
(1542, 47, 344, '2018-04-30 08:11:31'),
(1543, 47, 344, '2018-04-30 08:11:43'),
(1544, 48, 344, '2018-05-04 03:14:03'),
(1545, 48, 344, '2018-05-04 03:14:12'),
(1546, 48, 344, '2018-05-04 03:14:21'),
(1547, 48, 344, '2018-05-04 03:49:25'),
(1548, 47, 267, '2018-05-04 04:24:07'),
(1549, 47, 267, '2018-05-04 04:24:49'),
(1550, 47, 267, '2018-05-04 04:25:32'),
(1551, 47, 267, '2018-05-04 04:28:13'),
(1552, 47, 267, '2018-05-04 04:28:45'),
(1553, 55, 339, '2018-05-04 10:53:53'),
(1554, 55, 339, '2018-05-04 10:55:21'),
(1555, 46, 267, '2018-05-08 01:54:39'),
(1556, 46, 267, '2018-05-08 02:35:40'),
(1557, 46, 267, '2018-05-08 03:30:39'),
(1558, 56, 344, '2018-05-29 11:52:25'),
(1559, 46, 344, '2018-06-09 03:15:25'),
(1560, 46, 312, '2018-06-09 06:35:11'),
(1561, 46, 312, '2018-06-09 06:35:29'),
(1562, 46, 312, '2018-06-09 06:35:40'),
(1563, 46, 312, '2018-06-09 06:46:04'),
(1564, 46, 312, '2018-06-09 06:46:12'),
(1565, 46, 344, '2018-06-09 06:49:12'),
(1566, 46, 312, '2018-06-12 00:09:54'),
(1567, 46, 312, '2018-06-12 22:56:30');

-- --------------------------------------------------------

--
-- Table structure for table `promo_codes`
--

CREATE TABLE IF NOT EXISTS `promo_codes` (
  `promo_code_id` int(11) NOT NULL,
  `promo_code` varchar(255) COLLATE utf8_unicode_ci NOT NULL,
  `status` enum('unUsed','used') COLLATE utf8_unicode_ci NOT NULL,
  `created_at` datetime NOT NULL,
  `expiry_date` datetime NOT NULL,
  `utilize_date` datetime DEFAULT NULL
) ENGINE=MyISAM AUTO_INCREMENT=341 DEFAULT CHARSET=utf8 COLLATE=utf8_unicode_ci;

--
-- Dumping data for table `promo_codes`
--

INSERT INTO `promo_codes` (`promo_code_id`, `promo_code`, `status`, `created_at`, `expiry_date`, `utilize_date`) VALUES
(81, '924045', 'used', '2018-03-26 11:09:49', '2019-03-26 11:09:49', NULL),
(82, '496788', 'unUsed', '2018-03-26 11:09:49', '2019-03-26 11:09:49', NULL),
(83, '740814', 'unUsed', '2018-03-26 11:09:49', '2019-03-26 11:09:49', NULL),
(84, '541665', 'unUsed', '2018-03-26 11:09:49', '2019-03-26 11:09:49', NULL),
(85, '641988', 'unUsed', '2018-03-26 11:09:49', '2019-03-26 11:09:49', NULL),
(86, '975648', 'unUsed', '2018-03-26 11:09:49', '2019-03-26 11:09:49', NULL),
(87, '237196', 'used', '2018-03-26 11:09:49', '2019-03-26 11:09:49', '2018-04-23 05:47:35'),
(88, '720257', 'used', '2018-03-26 11:09:49', '2019-03-26 11:09:49', '2018-04-17 23:28:34'),
(89, '223689', 'used', '2018-03-26 11:09:49', '2019-03-26 11:09:49', '2018-04-17 09:11:54'),
(90, '707980', 'used', '2018-03-26 11:09:49', '2019-03-26 11:09:49', '2018-04-17 07:17:09'),
(91, '679046', 'used', '2018-03-26 11:09:49', '2019-03-26 11:09:49', '2018-04-17 05:23:13'),
(92, '880651', 'used', '2018-03-26 11:09:49', '2019-03-26 11:09:49', '2018-04-16 07:20:49'),
(93, '372560', 'used', '2018-03-26 11:09:49', '2019-03-26 11:09:49', '2018-04-15 19:20:13'),
(94, '896881', 'used', '2018-03-26 11:09:49', '2019-03-26 11:09:49', '2018-04-15 07:35:44'),
(95, '199518', 'used', '2018-03-26 11:09:49', '2019-03-26 11:09:49', '2018-04-15 06:49:41'),
(96, '671255', 'used', '2018-03-26 11:09:49', '2019-03-26 11:09:49', '2018-04-14 09:11:26'),
(97, '578249', 'used', '2018-03-26 11:09:49', '2019-03-26 11:09:49', '2018-04-11 07:13:54'),
(98, '704031', 'used', '2018-03-26 11:09:49', '2019-03-26 11:09:49', '2018-04-10 07:01:18'),
(99, '353509', 'used', '2018-03-26 11:09:49', '2019-03-26 11:09:49', '2018-04-10 06:36:34'),
(100, '517095', 'used', '2018-03-26 11:09:49', '2019-03-26 11:09:49', '2018-04-05 06:26:55'),
(101, '943068', 'unUsed', '2018-05-02 18:51:30', '2019-05-02 18:51:30', NULL),
(102, '023507', 'unUsed', '2018-05-02 18:51:30', '2019-05-02 18:51:30', NULL),
(103, '268279', 'unUsed', '2018-05-02 18:51:30', '2019-05-02 18:51:30', NULL),
(104, '967929', 'unUsed', '2018-05-02 18:51:30', '2019-05-02 18:51:30', NULL),
(105, '663886', 'unUsed', '2018-05-02 18:51:30', '2019-05-02 18:51:30', NULL),
(106, '866451', 'unUsed', '2018-05-02 18:51:30', '2019-05-02 18:51:30', NULL),
(107, '800311', 'unUsed', '2018-05-02 18:51:30', '2019-05-02 18:51:30', NULL),
(108, '492593', 'unUsed', '2018-05-02 18:51:30', '2019-05-02 18:51:30', NULL),
(109, '499995', 'unUsed', '2018-05-02 18:51:30', '2019-05-02 18:51:30', NULL),
(110, '473993', 'unUsed', '2018-05-02 18:51:30', '2019-05-02 18:51:30', NULL),
(111, '293393', 'unUsed', '2018-05-02 18:51:30', '2019-05-02 18:51:30', NULL),
(112, '492912', 'unUsed', '2018-05-02 18:51:30', '2019-05-02 18:51:30', NULL),
(113, '643042', 'unUsed', '2018-05-02 18:51:30', '2019-05-02 18:51:30', NULL),
(114, '072416', 'unUsed', '2018-05-02 18:51:30', '2019-05-02 18:51:30', NULL),
(115, '982699', 'unUsed', '2018-05-02 18:51:30', '2019-05-02 18:51:30', NULL),
(116, '529720', 'unUsed', '2018-05-02 18:51:30', '2019-05-02 18:51:30', NULL),
(117, '530601', 'unUsed', '2018-05-02 18:51:30', '2019-05-02 18:51:30', NULL),
(118, '727339', 'unUsed', '2018-05-02 18:51:30', '2019-05-02 18:51:30', NULL),
(119, '642880', 'unUsed', '2018-05-02 18:51:30', '2019-05-02 18:51:30', NULL),
(120, '310905', 'unUsed', '2018-05-02 18:51:30', '2019-05-02 18:51:30', NULL),
(121, '060151', 'unUsed', '2018-05-02 19:29:53', '2019-05-02 19:29:53', NULL),
(122, '716457', 'unUsed', '2018-05-02 19:29:53', '2019-05-02 19:29:53', NULL),
(123, '586301', 'unUsed', '2018-05-02 19:29:53', '2019-05-02 19:29:53', NULL),
(124, '548933', 'unUsed', '2018-05-02 19:29:53', '2019-05-02 19:29:53', NULL),
(125, '383851', 'unUsed', '2018-05-02 19:29:53', '2019-05-02 19:29:53', NULL),
(126, '710203', 'unUsed', '2018-05-02 19:29:53', '2019-05-02 19:29:53', NULL),
(127, '059195', 'unUsed', '2018-05-02 19:29:53', '2019-05-02 19:29:53', NULL),
(128, '296824', 'unUsed', '2018-05-02 19:29:53', '2019-05-02 19:29:53', NULL),
(129, '573682', 'unUsed', '2018-05-02 19:29:53', '2019-05-02 19:29:53', NULL),
(130, '253518', 'unUsed', '2018-05-02 19:29:53', '2019-05-02 19:29:53', NULL),
(131, '639037', 'unUsed', '2018-05-02 19:29:53', '2019-05-02 19:29:53', NULL),
(132, '938671', 'unUsed', '2018-05-02 19:29:53', '2019-05-02 19:29:53', NULL),
(133, '192609', 'unUsed', '2018-05-02 19:29:53', '2019-05-02 19:29:53', NULL),
(134, '901963', 'unUsed', '2018-05-02 19:29:53', '2019-05-02 19:29:53', NULL),
(135, '153717', 'unUsed', '2018-05-02 19:29:53', '2019-05-02 19:29:53', NULL),
(136, '939130', 'unUsed', '2018-05-02 19:29:53', '2019-05-02 19:29:53', NULL),
(137, '367943', 'unUsed', '2018-05-02 19:29:53', '2019-05-02 19:29:53', NULL),
(138, '265660', 'unUsed', '2018-05-02 19:29:53', '2019-05-02 19:29:53', NULL),
(139, '869653', 'unUsed', '2018-05-02 19:29:53', '2019-05-02 19:29:53', NULL),
(140, '424414', 'unUsed', '2018-05-02 19:29:53', '2019-05-02 19:29:53', NULL),
(141, '246814', 'unUsed', '2018-05-02 19:49:24', '2019-05-02 19:49:24', NULL),
(142, '492412', 'unUsed', '2018-05-02 19:49:24', '2019-05-02 19:49:24', NULL),
(143, '284934', 'unUsed', '2018-05-02 19:49:24', '2019-05-02 19:49:24', NULL),
(144, '875741', 'unUsed', '2018-05-02 19:49:24', '2019-05-02 19:49:24', NULL),
(145, '927720', 'unUsed', '2018-05-02 19:49:24', '2019-05-02 19:49:24', NULL),
(146, '179930', 'unUsed', '2018-05-02 19:49:24', '2019-05-02 19:49:24', NULL),
(147, '024432', 'unUsed', '2018-05-02 19:49:24', '2019-05-02 19:49:24', NULL),
(148, '410596', 'unUsed', '2018-05-02 19:49:24', '2019-05-02 19:49:24', NULL),
(149, '035452', 'unUsed', '2018-05-02 19:49:24', '2019-05-02 19:49:24', NULL),
(150, '150501', 'unUsed', '2018-05-02 19:49:24', '2019-05-02 19:49:24', NULL),
(151, '702285', 'unUsed', '2018-05-02 19:49:24', '2019-05-02 19:49:24', NULL),
(152, '419930', 'unUsed', '2018-05-02 19:49:24', '2019-05-02 19:49:24', NULL),
(153, '650379', 'unUsed', '2018-05-02 19:49:24', '2019-05-02 19:49:24', NULL),
(154, '330341', 'unUsed', '2018-05-02 19:49:24', '2019-05-02 19:49:24', NULL),
(155, '245759', 'unUsed', '2018-05-02 19:49:24', '2019-05-02 19:49:24', NULL),
(156, '010921', 'unUsed', '2018-05-02 19:49:24', '2019-05-02 19:49:24', NULL),
(157, '557020', 'unUsed', '2018-05-02 19:49:24', '2019-05-02 19:49:24', NULL),
(158, '766346', 'unUsed', '2018-05-02 19:49:24', '2019-05-02 19:49:24', NULL),
(159, '698437', 'unUsed', '2018-05-02 19:49:24', '2019-05-02 19:49:24', NULL),
(160, '037235', 'unUsed', '2018-05-02 19:49:24', '2019-05-02 19:49:24', NULL),
(161, '010795', 'unUsed', '2018-05-02 19:57:36', '2019-05-02 19:57:36', NULL),
(162, '480513', 'unUsed', '2018-05-02 19:57:36', '2019-05-02 19:57:36', NULL),
(163, '748611', 'unUsed', '2018-05-02 19:57:36', '2019-05-02 19:57:36', NULL),
(164, '052526', 'unUsed', '2018-05-02 19:57:36', '2019-05-02 19:57:36', NULL),
(165, '300570', 'unUsed', '2018-05-02 19:57:36', '2019-05-02 19:57:36', NULL),
(166, '124709', 'unUsed', '2018-05-02 19:57:36', '2019-05-02 19:57:36', NULL),
(167, '321343', 'unUsed', '2018-05-02 19:57:36', '2019-05-02 19:57:36', NULL),
(168, '395545', 'unUsed', '2018-05-02 19:57:36', '2019-05-02 19:57:36', NULL),
(169, '033047', 'unUsed', '2018-05-02 19:57:36', '2019-05-02 19:57:36', NULL),
(170, '408023', 'unUsed', '2018-05-02 19:57:36', '2019-05-02 19:57:36', NULL),
(171, '732446', 'unUsed', '2018-05-02 19:57:36', '2019-05-02 19:57:36', NULL),
(172, '173715', 'unUsed', '2018-05-02 19:57:36', '2019-05-02 19:57:36', NULL),
(173, '215831', 'unUsed', '2018-05-02 19:57:36', '2019-05-02 19:57:36', NULL),
(174, '302906', 'unUsed', '2018-05-02 19:57:36', '2019-05-02 19:57:36', NULL),
(175, '835185', 'unUsed', '2018-05-02 19:57:36', '2019-05-02 19:57:36', NULL),
(176, '459517', 'unUsed', '2018-05-02 19:57:36', '2019-05-02 19:57:36', NULL),
(177, '706263', 'unUsed', '2018-05-02 19:57:36', '2019-05-02 19:57:36', NULL),
(178, '185435', 'unUsed', '2018-05-02 19:57:36', '2019-05-02 19:57:36', NULL),
(179, '442375', 'unUsed', '2018-05-02 19:57:36', '2019-05-02 19:57:36', NULL),
(180, '049762', 'unUsed', '2018-05-02 19:57:36', '2019-05-02 19:57:36', NULL),
(181, '428013', 'unUsed', '2018-05-02 20:48:21', '2019-05-02 20:48:21', NULL),
(182, '100297', 'unUsed', '2018-05-02 20:48:21', '2019-05-02 20:48:21', NULL),
(183, '410742', 'unUsed', '2018-05-02 20:48:21', '2019-05-02 20:48:21', NULL),
(184, '094310', 'unUsed', '2018-05-02 20:48:21', '2019-05-02 20:48:21', NULL),
(185, '941620', 'unUsed', '2018-05-02 20:48:21', '2019-05-02 20:48:21', NULL),
(186, '247128', 'unUsed', '2018-05-02 20:48:21', '2019-05-02 20:48:21', NULL),
(187, '685064', 'unUsed', '2018-05-02 20:48:21', '2019-05-02 20:48:21', NULL),
(188, '748379', 'unUsed', '2018-05-02 20:48:21', '2019-05-02 20:48:21', NULL),
(189, '674317', 'unUsed', '2018-05-02 20:48:21', '2019-05-02 20:48:21', NULL),
(190, '063970', 'unUsed', '2018-05-02 20:48:21', '2019-05-02 20:48:21', NULL),
(191, '234523', 'unUsed', '2018-05-02 20:48:21', '2019-05-02 20:48:21', NULL),
(192, '108286', 'unUsed', '2018-05-02 20:48:21', '2019-05-02 20:48:21', NULL),
(193, '208273', 'unUsed', '2018-05-02 20:48:21', '2019-05-02 20:48:21', NULL),
(194, '571772', 'unUsed', '2018-05-02 20:48:21', '2019-05-02 20:48:21', NULL),
(195, '538834', 'unUsed', '2018-05-02 20:48:21', '2019-05-02 20:48:21', NULL),
(196, '920278', 'unUsed', '2018-05-02 20:48:21', '2019-05-02 20:48:21', NULL),
(197, '909148', 'unUsed', '2018-05-02 20:48:21', '2019-05-02 20:48:21', NULL),
(198, '463256', 'unUsed', '2018-05-02 20:48:21', '2019-05-02 20:48:21', NULL),
(199, '554248', 'unUsed', '2018-05-02 20:48:21', '2019-05-02 20:48:21', NULL),
(200, '806807', 'unUsed', '2018-05-02 20:48:21', '2019-05-02 20:48:21', NULL),
(201, '758671', 'unUsed', '2018-05-02 21:04:48', '2019-05-02 21:04:48', NULL),
(202, '392703', 'unUsed', '2018-05-02 21:04:48', '2019-05-02 21:04:48', NULL),
(203, '070138', 'unUsed', '2018-05-02 21:04:48', '2019-05-02 21:04:48', NULL),
(204, '220891', 'unUsed', '2018-05-02 21:04:48', '2019-05-02 21:04:48', NULL),
(205, '707012', 'unUsed', '2018-05-02 21:04:48', '2019-05-02 21:04:48', NULL),
(206, '793621', 'unUsed', '2018-05-02 21:04:48', '2019-05-02 21:04:48', NULL),
(207, '261142', 'unUsed', '2018-05-02 21:04:48', '2019-05-02 21:04:48', NULL),
(208, '637668', 'unUsed', '2018-05-02 21:04:48', '2019-05-02 21:04:48', NULL),
(209, '238823', 'unUsed', '2018-05-02 21:04:48', '2019-05-02 21:04:48', NULL),
(210, '936420', 'unUsed', '2018-05-02 21:04:48', '2019-05-02 21:04:48', NULL),
(211, '024906', 'unUsed', '2018-05-02 21:04:48', '2019-05-02 21:04:48', NULL),
(212, '180527', 'unUsed', '2018-05-02 21:04:48', '2019-05-02 21:04:48', NULL),
(213, '493586', 'unUsed', '2018-05-02 21:04:48', '2019-05-02 21:04:48', NULL),
(214, '475119', 'unUsed', '2018-05-02 21:04:48', '2019-05-02 21:04:48', NULL),
(215, '906161', 'unUsed', '2018-05-02 21:04:48', '2019-05-02 21:04:48', NULL),
(216, '417668', 'unUsed', '2018-05-02 21:04:48', '2019-05-02 21:04:48', NULL),
(217, '137423', 'unUsed', '2018-05-02 21:04:48', '2019-05-02 21:04:48', NULL),
(218, '953685', 'unUsed', '2018-05-02 21:04:48', '2019-05-02 21:04:48', NULL),
(219, '629182', 'unUsed', '2018-05-02 21:04:48', '2019-05-02 21:04:48', NULL),
(220, '745384', 'unUsed', '2018-05-02 21:04:48', '2019-05-02 21:04:48', NULL),
(221, '597980', 'unUsed', '2018-05-02 21:10:26', '2019-05-02 21:10:26', NULL),
(222, '314207', 'unUsed', '2018-05-02 21:10:26', '2019-05-02 21:10:26', NULL),
(223, '083461', 'unUsed', '2018-05-02 21:10:26', '2019-05-02 21:10:26', NULL),
(224, '793526', 'unUsed', '2018-05-02 21:10:26', '2019-05-02 21:10:26', NULL),
(225, '392518', 'unUsed', '2018-05-02 21:10:26', '2019-05-02 21:10:26', NULL),
(226, '662904', 'unUsed', '2018-05-02 21:10:26', '2019-05-02 21:10:26', NULL),
(227, '190523', 'unUsed', '2018-05-02 21:10:26', '2019-05-02 21:10:26', NULL),
(228, '148826', 'unUsed', '2018-05-02 21:10:26', '2019-05-02 21:10:26', NULL),
(229, '607764', 'unUsed', '2018-05-02 21:10:26', '2019-05-02 21:10:26', NULL),
(230, '752834', 'unUsed', '2018-05-02 21:10:26', '2019-05-02 21:10:26', NULL),
(231, '762333', 'unUsed', '2018-05-02 21:10:26', '2019-05-02 21:10:26', NULL),
(232, '756040', 'unUsed', '2018-05-02 21:10:26', '2019-05-02 21:10:26', NULL),
(233, '967254', 'unUsed', '2018-05-02 21:10:26', '2019-05-02 21:10:26', NULL),
(234, '358069', 'unUsed', '2018-05-02 21:10:26', '2019-05-02 21:10:26', NULL),
(235, '931644', 'unUsed', '2018-05-02 21:10:26', '2019-05-02 21:10:26', NULL),
(236, '701483', 'unUsed', '2018-05-02 21:10:26', '2019-05-02 21:10:26', NULL),
(237, '982335', 'unUsed', '2018-05-02 21:10:26', '2019-05-02 21:10:26', NULL),
(238, '710911', 'unUsed', '2018-05-02 21:10:26', '2019-05-02 21:10:26', NULL),
(239, '399743', 'unUsed', '2018-05-02 21:10:26', '2019-05-02 21:10:26', NULL),
(240, '376857', 'unUsed', '2018-05-02 21:10:26', '2019-05-02 21:10:26', NULL),
(241, '835597', 'unUsed', '2018-05-02 21:17:45', '2019-05-02 21:17:45', NULL),
(242, '874380', 'unUsed', '2018-05-02 21:17:45', '2019-05-02 21:17:45', NULL),
(243, '728547', 'unUsed', '2018-05-02 21:17:45', '2019-05-02 21:17:45', NULL),
(244, '486612', 'unUsed', '2018-05-02 21:17:45', '2019-05-02 21:17:45', NULL),
(245, '344529', 'unUsed', '2018-05-02 21:17:45', '2019-05-02 21:17:45', NULL),
(246, '932951', 'unUsed', '2018-05-02 21:17:45', '2019-05-02 21:17:45', NULL),
(247, '175600', 'unUsed', '2018-05-02 21:17:45', '2019-05-02 21:17:45', NULL),
(248, '962001', 'unUsed', '2018-05-02 21:17:45', '2019-05-02 21:17:45', NULL),
(249, '693983', 'unUsed', '2018-05-02 21:17:45', '2019-05-02 21:17:45', NULL),
(250, '818735', 'unUsed', '2018-05-02 21:17:45', '2019-05-02 21:17:45', NULL),
(251, '254279', 'unUsed', '2018-05-02 21:17:45', '2019-05-02 21:17:45', NULL),
(252, '177486', 'unUsed', '2018-05-02 21:17:45', '2019-05-02 21:17:45', NULL),
(253, '284454', 'unUsed', '2018-05-02 21:17:45', '2019-05-02 21:17:45', NULL),
(254, '167095', 'unUsed', '2018-05-02 21:17:45', '2019-05-02 21:17:45', NULL),
(255, '020337', 'unUsed', '2018-05-02 21:17:45', '2019-05-02 21:17:45', NULL),
(256, '189254', 'unUsed', '2018-05-02 21:17:45', '2019-05-02 21:17:45', NULL),
(257, '975161', 'unUsed', '2018-05-02 21:17:45', '2019-05-02 21:17:45', NULL),
(258, '050759', 'unUsed', '2018-05-02 21:17:45', '2019-05-02 21:17:45', NULL),
(259, '553669', 'unUsed', '2018-05-02 21:17:45', '2019-05-02 21:17:45', NULL),
(260, '706396', 'unUsed', '2018-05-02 21:17:45', '2019-05-02 21:17:45', NULL),
(261, '897057', 'unUsed', '2018-05-02 21:38:44', '2019-05-02 21:38:44', NULL),
(262, '192997', 'unUsed', '2018-05-02 21:38:44', '2019-05-02 21:38:44', NULL),
(263, '734268', 'unUsed', '2018-05-02 21:38:44', '2019-05-02 21:38:44', NULL),
(264, '798328', 'unUsed', '2018-05-02 21:38:44', '2019-05-02 21:38:44', NULL),
(265, '064820', 'unUsed', '2018-05-02 21:38:44', '2019-05-02 21:38:44', NULL),
(266, '519834', 'unUsed', '2018-05-02 21:38:44', '2019-05-02 21:38:44', NULL),
(267, '093750', 'unUsed', '2018-05-02 21:38:44', '2019-05-02 21:38:44', NULL),
(268, '516496', 'unUsed', '2018-05-02 21:38:44', '2019-05-02 21:38:44', NULL),
(269, '012263', 'unUsed', '2018-05-02 21:38:44', '2019-05-02 21:38:44', NULL),
(270, '508040', 'unUsed', '2018-05-02 21:38:44', '2019-05-02 21:38:44', NULL),
(271, '706426', 'unUsed', '2018-05-02 21:38:44', '2019-05-02 21:38:44', NULL),
(272, '179291', 'unUsed', '2018-05-02 21:38:44', '2019-05-02 21:38:44', NULL),
(273, '375210', 'unUsed', '2018-05-02 21:38:44', '2019-05-02 21:38:44', NULL),
(274, '789015', 'unUsed', '2018-05-02 21:38:44', '2019-05-02 21:38:44', NULL),
(275, '958826', 'unUsed', '2018-05-02 21:38:44', '2019-05-02 21:38:44', NULL),
(276, '274097', 'unUsed', '2018-05-02 21:38:44', '2019-05-02 21:38:44', NULL),
(277, '135613', 'unUsed', '2018-05-02 21:38:44', '2019-05-02 21:38:44', NULL),
(278, '475979', 'unUsed', '2018-05-02 21:38:44', '2019-05-02 21:38:44', NULL),
(279, '715339', 'unUsed', '2018-05-02 21:38:44', '2019-05-02 21:38:44', NULL),
(280, '755992', 'unUsed', '2018-05-02 21:38:44', '2019-05-02 21:38:44', NULL),
(281, '818386', 'unUsed', '2018-05-02 21:43:27', '2019-05-02 21:43:27', NULL),
(282, '466887', 'unUsed', '2018-05-02 21:43:27', '2019-05-02 21:43:27', NULL),
(283, '237891', 'unUsed', '2018-05-02 21:43:27', '2019-05-02 21:43:27', NULL),
(284, '930648', 'unUsed', '2018-05-02 21:43:27', '2019-05-02 21:43:27', NULL),
(285, '283666', 'unUsed', '2018-05-02 21:43:27', '2019-05-02 21:43:27', NULL),
(286, '728386', 'unUsed', '2018-05-02 21:43:27', '2019-05-02 21:43:27', NULL),
(287, '418391', 'unUsed', '2018-05-02 21:43:27', '2019-05-02 21:43:27', NULL),
(288, '583717', 'unUsed', '2018-05-02 21:43:27', '2019-05-02 21:43:27', NULL),
(289, '614043', 'unUsed', '2018-05-02 21:43:27', '2019-05-02 21:43:27', NULL),
(290, '609073', 'unUsed', '2018-05-02 21:43:27', '2019-05-02 21:43:27', NULL),
(291, '218723', 'unUsed', '2018-05-02 21:43:27', '2019-05-02 21:43:27', NULL),
(292, '255660', 'unUsed', '2018-05-02 21:43:27', '2019-05-02 21:43:27', NULL),
(293, '436994', 'unUsed', '2018-05-02 21:43:27', '2019-05-02 21:43:27', NULL),
(294, '994355', 'unUsed', '2018-05-02 21:43:27', '2019-05-02 21:43:27', NULL),
(295, '597069', 'unUsed', '2018-05-02 21:43:27', '2019-05-02 21:43:27', NULL),
(296, '727317', 'unUsed', '2018-05-02 21:43:27', '2019-05-02 21:43:27', NULL),
(297, '776274', 'unUsed', '2018-05-02 21:43:27', '2019-05-02 21:43:27', NULL),
(298, '674679', 'unUsed', '2018-05-02 21:43:27', '2019-05-02 21:43:27', NULL),
(299, '963629', 'unUsed', '2018-05-02 21:43:27', '2019-05-02 21:43:27', NULL),
(300, '590641', 'unUsed', '2018-05-02 21:43:27', '2019-05-02 21:43:27', NULL),
(301, '227760', 'unUsed', '2018-05-02 21:47:33', '2019-05-02 21:47:33', NULL),
(302, '488786', 'unUsed', '2018-05-02 21:47:33', '2019-05-02 21:47:33', NULL),
(303, '952020', 'unUsed', '2018-05-02 21:47:33', '2019-05-02 21:47:33', NULL),
(304, '281748', 'unUsed', '2018-05-02 21:47:33', '2019-05-02 21:47:33', NULL),
(305, '767397', 'unUsed', '2018-05-02 21:47:33', '2019-05-02 21:47:33', NULL),
(306, '806397', 'unUsed', '2018-05-02 21:47:33', '2019-05-02 21:47:33', NULL),
(307, '628079', 'unUsed', '2018-05-02 21:47:33', '2019-05-02 21:47:33', NULL),
(308, '464459', 'unUsed', '2018-05-02 21:47:33', '2019-05-02 21:47:33', NULL),
(309, '148997', 'unUsed', '2018-05-02 21:47:33', '2019-05-02 21:47:33', NULL),
(310, '260281', 'unUsed', '2018-05-02 21:47:33', '2019-05-02 21:47:33', NULL),
(311, '440080', 'unUsed', '2018-05-02 21:47:33', '2019-05-02 21:47:33', NULL),
(312, '893401', 'unUsed', '2018-05-02 21:47:33', '2019-05-02 21:47:33', NULL),
(313, '097604', 'unUsed', '2018-05-02 21:47:33', '2019-05-02 21:47:33', NULL),
(314, '188057', 'unUsed', '2018-05-02 21:47:33', '2019-05-02 21:47:33', NULL),
(315, '659676', 'unUsed', '2018-05-02 21:47:33', '2019-05-02 21:47:33', NULL),
(316, '698140', 'unUsed', '2018-05-02 21:47:33', '2019-05-02 21:47:33', NULL),
(317, '622845', 'unUsed', '2018-05-02 21:47:33', '2019-05-02 21:47:33', NULL),
(318, '071380', 'unUsed', '2018-05-02 21:47:33', '2019-05-02 21:47:33', NULL),
(319, '631598', 'unUsed', '2018-05-02 21:47:33', '2019-05-02 21:47:33', NULL),
(320, '483735', 'unUsed', '2018-05-02 21:47:33', '2019-05-02 21:47:33', NULL),
(321, '107428', 'unUsed', '2018-05-02 21:52:05', '2019-05-02 21:52:05', NULL),
(322, '875553', 'used', '2018-05-02 21:52:05', '2019-05-02 21:52:05', '2018-05-07 19:47:29'),
(323, '049574', 'unUsed', '2018-05-02 21:52:05', '2019-05-02 21:52:05', NULL),
(324, '006882', 'unUsed', '2018-05-02 21:52:05', '2019-05-02 21:52:05', NULL),
(325, '650040', 'unUsed', '2018-05-02 21:52:05', '2019-05-02 21:52:05', NULL),
(326, '084606', 'unUsed', '2018-05-02 21:52:05', '2019-05-02 21:52:05', NULL),
(327, '850626', 'unUsed', '2018-05-02 21:52:05', '2019-05-02 21:52:05', NULL),
(328, '201859', 'unUsed', '2018-05-02 21:52:05', '2019-05-02 21:52:05', NULL),
(329, '044864', 'unUsed', '2018-05-02 21:52:05', '2019-05-02 21:52:05', NULL),
(330, '345212', 'unUsed', '2018-05-02 21:52:05', '2019-05-02 21:52:05', NULL),
(331, '601752', 'unUsed', '2018-05-02 21:52:05', '2019-05-02 21:52:05', NULL),
(332, '302537', 'unUsed', '2018-05-02 21:52:05', '2019-05-02 21:52:05', NULL),
(333, '612996', 'unUsed', '2018-05-02 21:52:05', '2019-05-02 21:52:05', NULL),
(334, '901670', 'unUsed', '2018-05-02 21:52:05', '2019-05-02 21:52:05', NULL),
(335, '486370', 'unUsed', '2018-05-02 21:52:05', '2019-05-02 21:52:05', NULL),
(336, '165907', 'unUsed', '2018-05-02 21:52:05', '2019-05-02 21:52:05', NULL),
(337, '283741', 'unUsed', '2018-05-02 21:52:05', '2019-05-02 21:52:05', NULL),
(338, '458776', 'unUsed', '2018-05-02 21:52:05', '2019-05-02 21:52:05', NULL),
(339, '064933', 'unUsed', '2018-05-02 21:52:05', '2019-05-02 21:52:05', NULL),
(340, '449227', 'unUsed', '2018-05-02 21:52:05', '2019-05-02 21:52:05', NULL);

-- --------------------------------------------------------

--
-- Table structure for table `users`
--

CREATE TABLE IF NOT EXISTS `users` (
  `user_id` int(10) unsigned NOT NULL COMMENT 'user_id',
  `first_name` varchar(255) COLLATE utf8mb4_unicode_ci NOT NULL,
  `last_name` varchar(255) COLLATE utf8mb4_unicode_ci NOT NULL,
  `email` varchar(255) COLLATE utf8mb4_unicode_ci NOT NULL,
  `user_type` enum('customer','cafe_admin','admin') COLLATE utf8mb4_unicode_ci DEFAULT NULL,
  `phone` varchar(255) COLLATE utf8mb4_unicode_ci NOT NULL,
  `photo` varchar(255) COLLATE utf8mb4_unicode_ci NOT NULL DEFAULT '',
  `password` varchar(255) COLLATE utf8mb4_unicode_ci NOT NULL,
  `user_signup_status` enum('normal','facebook') COLLATE utf8mb4_unicode_ci NOT NULL,
  `is_password_requested` enum('no','yes') COLLATE utf8mb4_unicode_ci NOT NULL,
  `status` enum('pending','active','terminated') COLLATE utf8mb4_unicode_ci NOT NULL,
  `is_admin_approved` enum('no','yes') COLLATE utf8mb4_unicode_ci NOT NULL,
  `device_type` enum('WEB','IOS','ANDROID') COLLATE utf8mb4_unicode_ci NOT NULL,
  `device_token` varchar(255) COLLATE utf8mb4_unicode_ci NOT NULL,
  `last_login_date` timestamp NOT NULL DEFAULT CURRENT_TIMESTAMP ON UPDATE CURRENT_TIMESTAMP,
  `created_at` timestamp NULL DEFAULT NULL,
  `updated_at` timestamp NULL DEFAULT NULL
) ENGINE=MyISAM AUTO_INCREMENT=385 DEFAULT CHARSET=utf8mb4 COLLATE=utf8mb4_unicode_ci;

--
-- Dumping data for table `users`
--

INSERT INTO `users` (`user_id`, `first_name`, `last_name`, `email`, `user_type`, `phone`, `photo`, `password`, `user_signup_status`, `is_password_requested`, `status`, `is_admin_approved`, `device_type`, `device_token`, `last_login_date`, `created_at`, `updated_at`) VALUES
(233, 'Luke', 'Luke', 'powdays@hotmail.com', 'admin', '123456789', '', '759f5709e79de6fab55be6f78149b038', 'normal', 'yes', 'active', 'yes', 'WEB', '', '2018-03-08 06:16:55', '2018-03-07 07:00:00', '2018-03-08 10:50:11'),
(234, 'Shaheryar', 'Malik', 'sherrimfghjjalik007@yahoo.com', 'customer', '', '', '', 'facebook', 'no', 'active', 'yes', 'ANDROID', '', '2018-03-09 16:02:33', '2018-03-08 11:13:15', '2018-03-08 11:13:15'),
(235, 'Imran', 'Khan', 'imran087.khan@gmail.com', 'customer', '', '19603969b143a76f41bbc7492ca9dbc9.jpg', '', 'facebook', 'no', 'active', 'yes', 'IOS', 'F56EC2FA-C511-4468-B6D5-6EF321AA9C6D', '2018-03-08 11:52:33', '2018-03-08 11:52:33', '2018-03-08 11:52:33'),
(298, 'luke', 'mcd', 'crushingsouls@gmail.com', 'customer', '', 'c762b7490ebcbf737be3b2df4f7a27d5.jpg', 'e10adc3949ba59abbe56e057f20f883e', 'normal', 'no', 'active', 'yes', 'IOS', '672BCAFE-08E3-4A7F-91B5-C18D2AD49880', '2018-06-09 06:28:00', '2018-04-14 12:53:07', '2018-06-09 06:28:00'),
(278, 'auckland', 'cafe', 'info@cupcardcafe.com', 'cafe_admin', '', '', 'e10adc3949ba59abbe56e057f20f883e', 'normal', 'no', 'active', 'yes', 'WEB', '', '2018-04-09 17:24:50', '2018-04-09 23:22:27', '2018-04-09 23:24:38'),
(242, 'like', 'me', 'iisaqib@ifisol.com', 'customer', '', '8c6a8ba5834dca11a1758f68ebd72144.jpg', 'bfcb02da0ac7556691586b6d8944bdc0', 'normal', 'yes', 'active', 'yes', 'IOS', 'F759313C-C323-41A9-8E78-BD8F421755A7', '2018-04-12 13:27:50', '2018-03-09 00:09:56', '2018-04-10 12:59:20'),
(240, 'Ahmed', 'Khan', 'm.ahmedumerkhan@gmail.com', 'customer', '', 'f621b66f47146b3ebf6bc680630da21f.jpg', '', 'facebook', 'no', 'active', 'yes', 'IOS', '8027D192-18FB-46DF-9D6A-320A3FC29D85', '2018-03-08 15:02:23', '2018-03-08 15:02:23', '2018-03-08 15:02:23'),
(241, 'Mcd', 'Luke', 'newsletter@cupcardcafe.com', 'cafe_admin', '57725458873245', 'G7aux0PXBNnm.JPG', 'e10adc3949ba59abbe56e057f20f883e', 'normal', 'no', 'active', 'yes', 'WEB', '', '2018-05-29 05:40:44', '2018-03-08 23:12:38', '2018-05-29 11:40:44'),
(243, 'Sherri', 'Ifisol', 'shahdghhheryar@ifisol.com', 'customer', '', '', '', 'facebook', 'no', 'active', 'yes', 'ANDROID', '', '2018-03-09 16:02:33', '2018-03-09 12:03:00', '2018-03-09 12:03:00'),
(244, 'Mahtab', 'Ali', 'mahtab-ali@outlook.com', 'customer', '', '', '', 'facebook', 'no', 'active', 'yes', 'ANDROID', '', '2018-03-09 12:10:24', '2018-03-09 12:10:24', '2018-03-09 12:10:24'),
(245, 'Apple', 'Test', 'apple@ifisol.com', 'customer', '123456', '', 'e10adc3949ba59abbe56e057f20f883e', 'normal', 'no', 'active', 'yes', 'ANDROID', '', '2018-04-05 13:54:40', '2018-03-13 06:00:00', '2018-04-05 13:54:40'),
(246, 'pe@pe.com', 'pe@pe.com', 'pe@pe.com', 'customer', '', '97819885604ebbc237e5c8666a664462.jpg', 'e736d7ec231e46eeb8e681b3750d265e', 'normal', 'no', 'active', 'yes', 'ANDROID', '', '2018-03-16 11:13:42', '2018-03-16 11:13:42', '2018-03-16 11:13:42'),
(247, 'ab@ab.com', 'ab@ab.com', 'ab@ab.com', 'customer', '', '3f0b25e2ec12816b16b82ee69cc1b44f.jpg', '7faa3bc7c24a4928675a724d30bb0d66', 'normal', 'no', 'active', 'yes', 'ANDROID', '', '2018-03-16 12:45:31', '2018-03-16 12:43:53', '2018-03-16 12:45:31'),
(248, 'ac@ac.com', 'ac@ac.com', 'ac@ac.com', 'customer', '', '5dd001619ce2c49700d5fb9734798314.jpg', '48426670e3507f0476fae5f40e21b77d', 'normal', 'no', 'active', 'yes', 'ANDROID', '', '2018-03-16 12:46:17', '2018-03-16 12:46:17', '2018-03-16 12:46:17'),
(249, 'Sherri', 'Ifisol', 'shaheryar@ifisol.com', 'customer', '', '', '', 'facebook', 'no', 'active', 'yes', 'ANDROID', '', '2018-03-16 12:49:45', '2018-03-16 12:49:45', '2018-03-16 12:49:45'),
(250, 'aq@aq.com', 'aq@aq.com', 'aq@aq.com', 'customer', '', '35ef217db0c4d27c805540aef9d0f745.jpg', '0d67e07bcc5e425638d537d8e4fe10a8', 'normal', 'no', 'active', 'yes', 'ANDROID', '', '2018-03-16 13:00:57', '2018-03-16 12:51:47', '2018-03-16 13:00:57'),
(251, 'as@as.com', 'as@as.com', 'as@as.com', 'customer', '', 'bb0c81c4ecc6d2af4c9bb85a82e7cac2.jpg', '09e689d4c16fa4074096e22127cbadfc', 'normal', 'no', 'active', 'yes', 'ANDROID', '', '2018-03-17 21:53:10', '2018-03-17 21:23:40', '2018-03-17 21:53:10'),
(252, 'ae@ae.com', 'ae@ae.com', 'ae@ae.com', 'customer', '', '1b775d21fd615f5e7ab84c7570250716.jpg', '0a9a810830e3f9208d8e2a09084de3ea', 'normal', 'no', 'active', 'yes', 'ANDROID', '', '2018-03-17 22:27:13', '2018-03-17 22:19:05', '2018-03-17 22:27:13'),
(253, 'at@at.com', 'at@at.com', 'at@at.com', 'customer', '', '4025afe7f4ef4766b134b5ee695f2bf7.jpg', 'b7286ca171759deb0586a775ebad2987', 'normal', 'no', 'active', 'yes', 'ANDROID', '', '2018-03-17 22:59:00', '2018-03-17 22:59:00', '2018-03-17 22:59:00'),
(254, 'ag@ag.com', 'ag@ag.com', 'ag@ag.com', 'customer', '', 'd43ea1e98c1283b71f652767063471ea.jpg', 'b24c7274c62c062ba7b618fb0e4ed9ac', 'normal', 'no', 'active', 'yes', 'ANDROID', '', '2018-03-17 23:28:31', '2018-03-17 23:16:13', '2018-03-17 23:28:31'),
(255, 'ss@ss.com', 'ss@ss.com', 'ss@ss.com', 'customer', '', '8e0d20dad188d9ac3d812ec1f821a62e.jpg', '2869ac924a74c1d6f8dc56854ad1d71a', 'normal', 'no', 'active', 'yes', 'ANDROID', '', '2018-03-17 23:25:52', '2018-03-17 23:25:52', '2018-03-17 23:25:52'),
(256, 'gg@gg.com', 'gg@gg.com', 'gg@gg.com', 'customer', '', '32fa07f41110d89009ec7a32dfe232d7.jpg', 'b150f3f97a09a255fc8bb950873f6076', 'normal', 'no', 'active', 'yes', 'ANDROID', '', '2018-03-17 23:40:38', '2018-03-17 23:40:38', '2018-03-17 23:40:38'),
(257, 'qq@qq.com', 'qq@qq.com', 'qq@qq.com', 'customer', '', 'e713d92b4406728a60f8b88cad1e649c.jpg', '2ff15aa7c32dd618090b2ac78e0bb0e5', 'normal', 'no', 'active', 'yes', 'ANDROID', '', '2018-03-17 23:46:11', '2018-03-17 23:46:11', '2018-03-17 23:46:11'),
(258, 'qa@qa.com', 'qa@qa.com', 'qa@qa.com', 'customer', '', '36c04a3c41a5b1a66f07c39831eb32ec.jpg', 'e21f995d4ce749842626bf871c19c31a', 'normal', 'no', 'active', 'yes', 'ANDROID', '', '2018-03-17 23:54:22', '2018-03-17 23:48:42', '2018-03-17 23:54:22'),
(259, 'qb@qb.com', 'qb@qb.com', 'qb@qb.com', 'customer', '', 'c4c6b412fca51abeabdf152a3da01d5e.jpg', '950dd1064fc65e2445fe35e00bd24130', 'normal', 'no', 'active', 'yes', 'ANDROID', '', '2018-03-17 23:51:27', '2018-03-17 23:51:27', '2018-03-17 23:51:27'),
(260, 'qc@qc.com', 'qc@qc.com', 'qc@qc.com', 'customer', '', 'd08c55130d2af9c169f8767b7b677801.jpg', '582031dd9fa7e0c2cc1d320529a2f232', 'normal', 'no', 'active', 'yes', 'ANDROID', '', '2018-03-18 00:10:37', '2018-03-17 23:57:42', '2018-03-18 00:10:37'),
(261, 'eq@eq.com', 'eq@eq.com', 'eq@eq.com', 'customer', '', 'a18e9b8ca2d8f7f932e95ed779727f83.jpg', '08342d85b611fae8c9d83293bd9a1c2b', 'normal', 'no', 'active', 'yes', 'ANDROID', '', '2018-03-19 12:50:30', '2018-03-19 12:50:30', '2018-03-19 12:50:30'),
(262, 'tt@tt.com', 'tt@tt.com', 'tt@tt.com', 'customer', '', '45c18efd59b391f13a2414c8e0d83d7a.jpg', '474ba626de35742941608fb938141cd0', 'normal', 'no', 'active', 'yes', 'ANDROID', '', '2018-03-23 15:24:58', '2018-03-19 13:01:31', '2018-03-23 15:24:58'),
(263, 'ta@ta.com', 'ta@ta.com', 'ta@ta.com', 'customer', '', '0f760ce23296f170d4c16b98660dbaa9.jpg', 'eee3d4292d86d166c1cf44462e18ac8d', 'normal', 'no', 'active', 'yes', 'ANDROID', '', '2018-03-19 13:25:08', '2018-03-19 13:25:08', '2018-03-19 13:25:08'),
(264, 'tq@tq.com', 'tq@tq.com', 'tq@tq.com', 'customer', '', 'f3092a48d906b5df243639f78d58d9fe.jpg', 'bbd38ed0d1d5f6c6d7aa0476762e45c2', 'normal', 'no', 'active', 'yes', 'ANDROID', '', '2018-04-05 15:53:09', '2018-03-19 13:27:27', '2018-04-05 15:53:09'),
(265, 'in@in.com', 'in@in.com', 'in@in.com', 'customer', '', 'e4478e85bd57053c81ecaa9127d06d8a.jpg', 'c7a4877b81a2202638439a85c3a2506e', 'normal', 'no', 'active', 'yes', 'ANDROID', '', '2018-03-19 13:33:21', '2018-03-19 13:33:21', '2018-03-19 13:33:21'),
(266, 'Shaheryar', 'Malik', 'sherrimalik007@yahoo.com', 'customer', '', 'e43aa653333871b1da7871e7787862a1.jpg', '', 'facebook', 'no', 'active', 'yes', 'IOS', '5CDE308E-581B-4C04-A97A-F92D2D8A234B', '2018-03-26 16:07:34', '2018-03-26 16:07:34', '2018-03-26 16:07:34'),
(267, 'test', 'test', 'test@gmail.com', 'customer', '7854123', '49f12de45e4bf668064c547ff437dcc5.jpg', 'e10adc3949ba59abbe56e057f20f883e', 'normal', 'no', 'active', 'yes', 'ANDROID', '', '2018-05-04 04:27:21', '2018-03-26 16:09:17', '2018-05-04 04:27:21'),
(268, 'John', 'Teslie', 'flyflyerson4@gmail.com', 'customer', '', '24aeca1b3a69c9ffc9f608e58833b674.jpg', '', 'facebook', 'no', 'active', 'yes', 'IOS', '2F1A8528-C7D3-4294-80FD-825EA028D6EF', '2018-03-31 20:04:10', '2018-03-31 20:04:10', '2018-03-31 20:04:10'),
(273, 'Ifisol test cafe', 'Ifisol', 'luke@cupcardcafe.com', 'cafe_admin', '', '', '8c58a28b7da9581a663797fc04bcdec7', 'normal', 'yes', 'active', 'yes', 'WEB', '', '2018-04-17 08:19:58', '2018-04-07 10:39:55', '2018-04-15 13:59:19'),
(270, 'dk@dk.com', 'dk@dk.com', 'dk@dk.com', 'customer', '', '8ade0362914016e228415b45f739481c.jpg', '5b6e0fa980585bf22ea08de1593997d2', 'normal', 'no', 'active', 'yes', 'ANDROID', '', '2018-04-05 15:55:31', '2018-04-05 15:55:31', '2018-04-05 15:55:31'),
(271, 'Sheharyar', 'Malik', 'sherry@ifisol.com', 'customer', '123456789', 'b62969bd9c9ff280f987181d7489e57d.jpg', 'e10adc3949ba59abbe56e057f20f883e', 'normal', 'no', 'active', 'yes', 'ANDROID', '', '2018-04-05 16:35:28', '2018-04-05 16:27:33', '2018-04-05 16:35:28'),
(274, 'got@got.com', 'got@got.com', 'got@got.com', 'customer', '', '5ecc513f43f5078420995b3bdc76d07c.jpg', '9e7cb9bfa25306581b626ad5749e63f8', 'normal', 'no', 'active', 'yes', 'ANDROID', '', '2018-04-08 17:14:02', '2018-04-08 17:07:06', '2018-04-08 17:14:02'),
(275, 'aaaa@aa.com', 'aaaa@aa.com', 'aaaa@aa.com', 'customer', '', 'e1b53e052e44bb0a8adf19e08671cfd2.jpg', 'e855f46220fe9ebd4401a23fd660452a', 'normal', 'no', 'active', 'yes', 'ANDROID', '', '2018-04-17 15:52:05', '2018-04-08 17:24:19', '2018-04-17 15:52:05'),
(276, 'qqqq@qq.com', 'qqqq@qq.com', 'qqqq@qq.com', 'customer', '', 'ae05d5690a2e42895a78fd1bbc712dc1.jpg', '6c0fec3cbf795acc5bd1f10a685437ac', 'normal', 'no', 'active', 'yes', 'ANDROID', '', '2018-04-17 15:54:05', '2018-04-08 19:43:41', '2018-04-17 15:54:05'),
(277, 'Mike', 'Hamilton', 'mike@mikehamilton.ca', 'customer', '', '59b2c43362cf3f43d4b76b051566ec24.jpg', 'fa61f5d9f4baed404ac7b1ef6e0ec49d', 'normal', 'no', 'active', 'yes', 'ANDROID', '', '2018-04-16 01:24:50', '2018-04-09 02:22:04', '2018-04-16 01:24:50'),
(353, 'luke', 'mcd', 'dummy@cupcardcafe.com', 'cafe_admin', '', '', 'e10adc3949ba59abbe56e057f20f883e', 'normal', 'no', 'pending', 'no', 'WEB', '', '2018-05-09 02:23:05', '2018-05-09 02:23:05', '2018-05-09 02:23:05'),
(280, 'bobby', 'kk', 'burhan@ifisol.com', 'customer', '08874523189', 'a3dbdb82d0dc7793aaae355e8896bd7c.jpg', 'e10adc3949ba59abbe56e057f20f883e', 'normal', 'no', 'active', 'yes', 'ANDROID', '', '2018-04-10 10:34:09', '2018-04-10 10:34:09', '2018-04-10 10:34:09'),
(315, 'urraishvhj', 'raza', 'uraza095@gmail.com', 'customer', '12345606050', '746b5ef9f78685ea1fdca119b07a093c.jpg', 'fcea920f7412b5da7be0cf42b8c93759', 'normal', 'no', 'active', 'yes', 'ANDROID', '', '2018-04-17 10:37:04', '2018-04-17 12:22:11', '2018-04-17 14:19:33'),
(352, 'luke', 'mcd', 'support@cupcardcafe.com', 'cafe_admin', '', '', 'e10adc3949ba59abbe56e057f20f883e', 'normal', 'no', 'pending', 'no', 'WEB', '', '2018-05-09 02:15:27', '2018-05-09 02:15:27', '2018-05-09 02:15:27'),
(283, 'urraish', 'rasa', 'uraza@carbtc.net', 'customer', '123456789', 'd927d57b96115b0d2bd0dfd8a8ecf97b.jpg', 'e10adc3949ba59abbe56e057f20f883e', 'normal', 'no', 'active', 'yes', 'IOS', '7719247F-AF06-4788-A40C-61076BE7AFB9', '2018-04-10 11:56:57', '2018-04-10 11:56:57', '2018-04-10 11:56:57'),
(284, 'Urraish', 'Raza', 'uraza095@web2mailco.com', 'cafe_admin', '3338075042', 'FnzQrfCLV0wA.jpg', 'e10adc3949ba59abbe56e057f20f883e', 'normal', 'no', 'active', 'yes', 'WEB', '', '2018-05-09 06:37:24', '2018-04-10 12:30:55', '2018-04-23 12:01:16'),
(285, 'URRAISH', 'raza', 'uraza@mailtrix.net', 'customer', '123456789', '9d9e04a1cc091befea0d81f44b473265.jpg', 'fcea920f7412b5da7be0cf42b8c93759', 'normal', 'yes', 'active', 'yes', 'ANDROID', '', '2018-04-11 06:57:14', '2018-04-10 13:00:42', '2018-04-11 12:57:14'),
(286, 'urraish', 'raza', 'uraza@emailsy.info', 'customer', '123456789', '2f31d4731eaf2208f0db7af0f1f9ce6e.jpg', 'e10adc3949ba59abbe56e057f20f883e', 'normal', 'no', 'active', 'yes', 'IOS', 'CDBE088C-23F6-452C-B094-2F8CD3BC07E0', '2018-04-10 15:33:44', '2018-04-10 15:33:44', '2018-04-10 15:33:44'),
(287, 'Apple', 'Test', 'apple_test@cupcardcafe.com', 'customer', '', '8b8b6116a3eecc2b10a3485807f6d979.jpg', 'e10adc3949ba59abbe56e057f20f883e', 'normal', 'no', 'active', 'yes', 'IOS', '62C9669E-D733-4191-B7A9-B6BB2A344FC4', '2018-04-14 16:46:50', '2018-04-10 15:38:27', '2018-04-14 16:46:50'),
(290, 'zxc', 'abc', 'uraza@uemail99.com', 'customer', '123456', 'ea2908e754b30c1bab141eeffc87c50c.jpg', 'e10adc3949ba59abbe56e057f20f883e', 'normal', 'no', 'active', 'yes', 'ANDROID', '', '2018-04-11 13:02:56', '2018-04-11 13:02:56', '2018-04-11 13:02:56'),
(291, 'urraish', 'raza', 'uraza@emails.info', 'customer', '123456789', 'ef89215c03d6d826c9e0892cbcf19155.jpg', 'e10adc3949ba59abbe56e057f20f883e', 'normal', 'no', 'active', 'yes', 'ANDROID', '', '2018-04-11 13:05:41', '2018-04-11 13:05:41', '2018-04-11 13:05:41'),
(292, 'dgg', 'dgf', 'sgg@dg.com', 'customer', '', '7e0206224408e82b693819f61c77dbc5.jpg', 'e10adc3949ba59abbe56e057f20f883e', 'normal', 'no', 'active', 'yes', 'ANDROID', '', '2018-04-11 13:06:31', '2018-04-11 13:06:31', '2018-04-11 13:06:31'),
(293, 'dgf', 'dgf', 'www@www.com', 'customer', '123456786', '061c94a3eb45b9b0819765607460b554.jpg', 'e10adc3949ba59abbe56e057f20f883e', 'normal', 'no', 'active', 'yes', 'ANDROID', '', '2018-04-11 07:15:43', '2018-04-11 13:07:44', '2018-04-11 13:15:43'),
(294, 'Bobby', 'kk', 'ifisol.manage@gmail.com', 'cafe_admin', '', '', 'e10adc3949ba59abbe56e057f20f883e', 'normal', 'no', 'active', 'no', 'WEB', '', '2018-04-12 03:20:27', '2018-04-12 09:13:37', '2018-04-12 09:20:27'),
(295, 'bobby', 'james', 'ifisol.pk@gmail.com', 'cafe_admin', '', '', 'e10adc3949ba59abbe56e057f20f883e', 'normal', 'no', 'pending', 'no', 'WEB', '', '2018-04-12 09:15:00', '2018-04-12 09:15:00', '2018-04-12 09:15:00'),
(299, 'uuuu@uu.com', 'uuuu@uu.com', 'uuuu@uu.com', 'customer', '', 'a82bd1158be8e9519380026413a0e75b.jpg', '6654186903f360f264fe5e3b664bb8d3', 'normal', 'no', 'active', 'yes', 'ANDROID', '', '2018-04-14 14:00:09', '2018-04-14 13:31:43', '2018-04-14 14:00:09'),
(296, 'Saqibv', 'Test', 'isaqib@ifisol.com', 'cafe_admin', '', '', 'e10adc3949ba59abbe56e057f20f883e', 'normal', 'no', 'pending', 'no', 'WEB', '', '2018-04-12 19:27:14', '2018-04-12 19:27:14', '2018-04-12 19:27:14'),
(354, 'luke', 'McD', 'token@cupcardcafe.com', 'cafe_admin', '', '', 'e10adc3949ba59abbe56e057f20f883e', 'normal', 'no', 'pending', 'no', 'WEB', '', '2018-05-09 02:33:43', '2018-05-09 02:33:43', '2018-05-09 02:33:43'),
(300, 'gggg@ggg.com', 'gggg@ggg.com', 'gggg@ggg.com', 'customer', '', '07d91cd1a94ceee8a163fd3ac75ee165.jpg', 'bab7b82a81e889a85ba13d2adffe2f14', 'normal', 'no', 'active', 'yes', 'ANDROID', '', '2018-04-14 13:43:34', '2018-04-14 13:38:56', '2018-04-14 13:43:34'),
(301, 'ooo@ooo.ooo', 'ooo@ooo.ooo', 'ooo@ooo.ooo', 'customer', '', 'f074bac277b3983b541f3c5ebf6f8052.jpg', '45d99f0ed019e74a3b65b8178c5d96ed', 'normal', 'no', 'active', 'yes', 'ANDROID', '', '2018-04-18 17:25:40', '2018-04-14 14:17:32', '2018-04-18 17:25:40'),
(302, 'gim', 'man', 'uraza095org3@uemail99.com', 'customer', '123456', '4d46422262ef1567f56752b4550538fe.jpg', 'e10adc3949ba59abbe56e057f20f883e', 'normal', 'no', 'active', 'yes', 'ANDROID', '', '2018-04-14 09:34:44', '2018-04-14 15:06:05', '2018-04-14 15:34:44'),
(303, 'yyy@yy.com', 'yyy@yy.com', 'yyy@yy.com', 'customer', '123456789', '76c9c69777a39ba089d74d07a3e2550d.jpg', '6e0e51f297c8d6d6db4cffbc597f8f59', 'normal', 'no', 'active', 'yes', 'ANDROID', '', '2018-04-14 09:12:23', '2018-04-14 15:07:20', '2018-04-14 15:12:23'),
(304, 'Burhan', 'Khan', 'burhankhan125@hotmail.com', 'customer', '', 'f3c15158edf21d00344294344bd57e06.jpg', '', 'facebook', 'no', 'active', 'yes', 'IOS', '5A6A3EC6-48EE-4F33-84AA-1AB7F8818955', '2018-04-14 17:41:10', '2018-04-14 17:41:10', '2018-04-14 17:41:10'),
(305, 'Luke', 'McD', '43@dgjeb.com', 'customer', '', 'ac596006af6bda85d6b3d297bb7d6207.jpg', 'c8837b23ff8aaa8a2dde915473ce0991', 'normal', 'no', 'active', 'yes', 'IOS', 'A79F2369-A255-4DEC-ADCB-D33E8DBB5C9A', '2018-04-15 12:55:27', '2018-04-15 12:46:43', '2018-04-15 12:55:27'),
(306, 'another', 'try', 'drfs@dde.com', 'customer', '', '99b0b88b926c40540905a03cdee18f17.jpg', 'e10adc3949ba59abbe56e057f20f883e', 'normal', 'no', 'active', 'yes', 'ANDROID', '', '2018-04-15 13:03:40', '2018-04-15 13:03:40', '2018-04-15 13:03:40'),
(307, 'luke', 'mcd', 'sd@ee.com', 'customer', '', '7e5c8728910179c1f2864754e2f2da64.jpg', 'e10adc3949ba59abbe56e057f20f883e', 'normal', 'no', 'active', 'yes', 'ANDROID', '', '2018-04-16 00:56:59', '2018-04-15 13:27:54', '2018-04-16 00:56:59'),
(308, 'cent', 'user', 'cent@user.com', 'customer', '86464686', '0535c120d3fd5ef493e276410b75bff1.jpg', 'e10adc3949ba59abbe56e057f20f883e', 'normal', 'no', 'active', 'yes', 'ANDROID', '', '2018-04-15 19:25:35', '2018-04-15 14:06:17', '2018-04-15 19:25:35'),
(309, 'ahmed', 'khan', 'mind_freek@hotmail.com', 'customer', '1234567890', 'd38b62e2583628bf04fb421a99c1d3a7.jpg', 'e10adc3949ba59abbe56e057f20f883e', 'normal', 'no', 'active', 'yes', 'IOS', '649FA6E9-075E-4A73-A867-3FEF4DD87C7F', '2018-04-15 14:09:21', '2018-04-15 14:09:21', '2018-04-15 14:09:21'),
(310, 'imran', 'khan', 'imran@khan.com', 'customer', '123456789', '49b0566aa72f4cecaca654144181b163.jpg', 'e10adc3949ba59abbe56e057f20f883e', 'normal', 'no', 'active', 'yes', 'IOS', 'A3386A80-F5AD-42D9-A48A-7FA7A539F9B2', '2018-04-15 20:18:56', '2018-04-15 20:18:56', '2018-04-15 20:18:56'),
(311, 'j', 'tg', 'tt@ee.com', 'customer', '', '5f3e76f69d8bdd810a53d46bbcf470f2.jpg', 'e10adc3949ba59abbe56e057f20f883e', 'normal', 'no', 'active', 'yes', 'IOS', 'BEEF7200-5468-4D5A-9630-3754DC3E2DF9', '2018-05-04 04:20:57', '2018-04-16 04:15:45', '2018-05-04 04:20:57'),
(312, 'Luke', 'mcd', 'ww@ww.com', 'customer', '', '17fd61477b93bdf29f2b97b5c6fa9f20.jpg', 'e10adc3949ba59abbe56e057f20f883e', 'normal', 'no', 'active', 'yes', 'IOS', '4DD0B337-D6AC-4CF2-9A6F-3827BF65BE17', '2018-06-09 06:45:27', '2018-04-16 04:20:23', '2018-06-09 06:45:27'),
(313, 'test', 'test', 'test@test.com', 'customer', '123456789', '9b400834188461b8a6b0254c28d9dc6e.jpg', 'e10adc3949ba59abbe56e057f20f883e', 'normal', 'no', 'active', 'yes', 'IOS', '4FA4FD1C-F67F-4173-92F1-D6A3174287BF', '2018-04-16 13:06:18', '2018-04-16 13:06:18', '2018-04-16 13:06:18'),
(358, 'Ben', 'bluehost', 'bedixon@bluehost.com', 'cafe_admin', '', '', '0346d544b0d380d79fc62677ba52e24c', 'normal', 'no', 'pending', 'no', 'WEB', '', '2018-05-09 03:40:34', '2018-05-09 03:40:34', '2018-05-09 03:40:34'),
(317, 'imar', 'khan', 'imran@123.com', 'customer', '123456789', 'f10eeff2087f8d8d30100bb029ef1889.jpg', 'e10adc3949ba59abbe56e057f20f883e', 'normal', 'no', 'active', 'yes', 'ANDROID', '', '2018-04-17 09:54:37', '2018-04-17 15:09:06', '2018-04-17 15:24:10'),
(316, 'imran', 'khan', 'imran19@ifisol.com', 'customer', '12345678', 'dc31e15d264b144d760ee789af7050e0.jpg', 'e10adc3949ba59abbe56e057f20f883e', 'normal', 'no', 'active', 'yes', 'IOS', '489DE850-1A38-4926-A82F-BC9D91CAECF9', '2018-04-19 11:03:19', '2018-04-17 12:34:40', '2018-04-19 11:03:19'),
(318, 'imran', 'khan', 'imr@ifisol.com', 'customer', '4523621', 'f724e2d739daf3410681f83528c1d2ae.jpg', 'e10adc3949ba59abbe56e057f20f883e', 'normal', 'no', 'active', 'yes', 'IOS', 'BE93A5D6-01D5-40A6-A5D6-090EA3753FDC', '2018-04-17 15:39:20', '2018-04-17 15:39:20', '2018-04-17 15:39:20'),
(319, 'ttt@ttt.com', 'ttt@ttt.com', 'ttt@ttt.com', 'customer', '', 'bf78ab3b44703ea4910e7833ef774875.jpg', '46ad8c6f35309f5fb8c0e3d574e0b2f8', 'normal', 'no', 'active', 'yes', 'ANDROID', '', '2018-04-19 11:06:14', '2018-04-17 15:56:57', '2018-04-19 11:06:14'),
(320, 'abc', 'abc', 'abc@abc.com', 'customer', '123456789', '97bc3d0c5bc12438e52036510e92a833.jpg', 'e10adc3949ba59abbe56e057f20f883e', 'normal', 'no', 'active', 'yes', 'IOS', '36CB59F3-FC1D-481B-8694-1CB0785D6D23', '2018-04-17 10:36:57', '2018-04-17 16:36:28', '2018-04-17 16:36:28'),
(321, 'l', 'm', 'qw@qw.com', 'customer', '', 'ca439caeb8650db711e4ca370de10874.jpg', 'e10adc3949ba59abbe56e057f20f883e', 'normal', 'no', 'active', 'yes', 'ANDROID', '', '2018-04-18 21:56:47', '2018-04-17 20:19:29', '2018-04-18 21:56:47'),
(322, 'Malcolm', 'Stoddart', 'malkieman.stod@gmail.com', 'customer', '', '2dbdd092ec6170a9557b46815e31a48e.jpg', 'a326e350c3ba6e2417df3441d61544e7', 'normal', 'no', 'active', 'yes', 'ANDROID', '', '2018-04-18 05:20:36', '2018-04-18 05:20:36', '2018-04-18 05:20:36'),
(323, 'test', 'user', 'test@123.com', 'customer', '1234567890', 'ae01f8e05bd0eaa183c6ffa91409aa8e.jpg', 'e10adc3949ba59abbe56e057f20f883e', 'normal', 'no', 'active', 'yes', 'ANDROID', '', '2018-04-18 10:58:30', '2018-04-18 10:57:59', '2018-04-18 10:58:30'),
(324, 'eric', 'nanson', 'ericjr2015@hotmail.com', 'customer', '', 'd281e38f15321bf6bdd2231a3b55b652.jpg', '9d9612554eb5603b3544da29f420bf95', 'normal', 'no', 'active', 'yes', 'ANDROID', '', '2018-04-19 02:37:13', '2018-04-19 02:37:13', '2018-04-19 02:37:13'),
(325, 'karen', 'crute', 'kazzlyons@hotmail.com', 'customer', '', 'a804bb6ecf581015a6085d2df6ed6c22.jpg', '4ef855b3425222da9ae962cf9d5781be', 'normal', 'no', 'active', 'yes', 'ANDROID', '', '2018-04-19 08:24:28', '2018-04-19 08:24:28', '2018-04-19 08:24:28'),
(326, 'abc', 'xyz', 'abc@ifisol.com', 'customer', '123456', 'be89e78301b74ae74e85aa3d0c03c964.jpg', 'e10adc3949ba59abbe56e057f20f883e', 'normal', 'no', 'active', 'yes', 'IOS', '27A18D94-A06A-4944-B7BA-AA1F7B2AB25D', '2018-04-20 17:08:00', '2018-04-19 11:05:56', '2018-04-20 17:08:00'),
(327, 'neo', 'max', 'a@gg.com', 'customer', '5484548454554', 'dafb1fa238f6776b091b465399f83de4.jpg', 'e10adc3949ba59abbe56e057f20f883e', 'normal', 'no', 'active', 'yes', 'ANDROID', '', '2018-04-19 13:02:32', '2018-04-19 13:02:32', '2018-04-19 13:02:32'),
(328, 'noor', 'raja', 'noreeza.naveed@gmail.com', 'customer', '', '5cb7d67da6b8c37f5c7aa81a3b30424a.jpg', 'fcea920f7412b5da7be0cf42b8c93759', 'normal', 'no', 'active', 'yes', 'ANDROID', '', '2018-04-20 00:48:11', '2018-04-20 00:48:11', '2018-04-20 00:48:11'),
(329, 'kiran', 'Rehman', 'kiranrehman83@gmail.com', 'customer', '', '26f768b3dac6f4b9318dea979b410561.jpg', '4297f44b13955235245b2497399d7a93', 'normal', 'no', 'active', 'yes', 'ANDROID', '', '2018-04-20 10:36:47', '2018-04-20 10:36:47', '2018-04-20 10:36:47'),
(330, 'abc', 'xyz', 'abc1@ifisol.com', 'customer', '123456', 'db6f1be145d7610d04ab631a6e491001.jpg', 'e10adc3949ba59abbe56e057f20f883e', 'normal', 'no', 'active', 'yes', 'IOS', '3CFA6995-A7D7-4556-8964-5F039FCE3D59', '2018-04-20 19:04:23', '2018-04-20 19:04:23', '2018-04-20 19:04:23'),
(331, 'imran', 'khan', 'abc3@ifisol.com', 'customer', '123456', 'a7bb6f17a791192de834164ccae7be4b.jpg', 'e10adc3949ba59abbe56e057f20f883e', 'normal', 'no', 'active', 'yes', 'IOS', 'C5E40977-B3F5-41D1-8844-81E78A85AC4B', '2018-04-20 21:10:08', '2018-04-20 21:10:08', '2018-04-20 21:10:08'),
(332, 'imran', 'khan', 'imran091@gmail.com', 'customer', '', 'a87a638d830f18a81b6c8c9efc2a42ca.jpg', 'e10adc3949ba59abbe56e057f20f883e', 'normal', 'no', 'active', 'yes', 'IOS', '0717EDD4-A447-4D85-8181-67B01A2D7130', '2018-04-23 11:42:41', '2018-04-23 11:42:41', '2018-04-23 11:42:41'),
(333, 'Sanger', 'sir', 'sir@sangey.com', 'customer', '', '344636be5a9ac36ece45488f03b76723.jpg', 'e10adc3949ba59abbe56e057f20f883e', 'normal', 'no', 'active', 'yes', 'IOS', '4C7E3194-AC66-47DC-8BED-66926C157490', '2018-04-23 11:45:42', '2018-04-23 11:45:42', '2018-04-23 11:45:42'),
(334, 'tester', 'test', 'test@ass.com', 'customer', '', '2501004ca93ae0e1e222297a1fda1f04.jpg', 'e10adc3949ba59abbe56e057f20f883e', 'normal', 'no', 'active', 'yes', 'IOS', '14919BA1-4889-4E0D-87DD-182882FFE6A9', '2018-04-23 11:49:04', '2018-04-23 11:49:04', '2018-04-23 11:49:04'),
(335, 'ugh you', 'hdhd', 'dhdh@dhdh.com', 'customer', '', '8db78eeaa1cbd4ed326438cea5185472.jpg', 'e10adc3949ba59abbe56e057f20f883e', 'normal', 'no', 'active', 'yes', 'IOS', '5DC205C8-9244-4CE7-8270-7DE6267898FC', '2018-04-23 11:50:21', '2018-04-23 11:50:21', '2018-04-23 11:50:21'),
(336, 'stay', 'system', 'gets@dhdh.com', 'customer', '', '8c5a4bcd0886c5e5c8ae902d520bb099.jpg', 'e10adc3949ba59abbe56e057f20f883e', 'normal', 'no', 'active', 'yes', 'IOS', 'C72F7B1A-C5D8-4B99-A500-34CDDBA6B80B', '2018-04-23 11:51:21', '2018-04-23 11:51:21', '2018-04-23 11:51:21'),
(337, 'Dudu', 'Dudu', 'fufu@ufjd.com', 'customer', '', '11d7d5b0fe31a6503534e82d3a994df4.jpg', 'e10adc3949ba59abbe56e057f20f883e', 'normal', 'no', 'active', 'yes', 'IOS', 'F07E8A8E-6906-4C77-9B48-1CB784F7DD58', '2018-04-23 11:52:30', '2018-04-23 11:52:30', '2018-04-23 11:52:30'),
(338, 'cud', 'duct', 'fff@fff.fff', 'customer', '', '4539c298222e5679171ca11be3a78711.jpg', 'e10adc3949ba59abbe56e057f20f883e', 'normal', 'no', 'active', 'yes', 'IOS', 'C7731A52-3F9F-472B-BDCE-F1773C733E27', '2018-04-23 05:59:18', '2018-04-23 11:53:49', '2018-04-23 11:53:49'),
(339, 'Ahmed', 'khan', 'ahmedkhan1563@hotmail.com', 'customer', '03335063763', '9f276ad3ee3a489ce30e4890fac2c0b6.jpg', 'e10adc3949ba59abbe56e057f20f883e', 'normal', 'yes', 'active', 'yes', 'ANDROID', '', '2018-05-07 17:34:50', '2018-04-03 06:00:00', '2018-05-07 17:34:50'),
(340, 'coffee', 'cup', 'coffeecup@apple.com', 'customer', '', 'a2d884349adefa69037f36af32810bc0.jpg', 'e10adc3949ba59abbe56e057f20f883e', 'normal', 'no', 'active', 'yes', 'IOS', '55560BF1-B64C-4C1C-BF53-0273D801840E', '2018-05-27 04:19:51', '2018-04-23 17:18:28', '2018-05-27 04:19:51'),
(341, 'Apple', 'ReviewAcct', 'applereviewacct@bethegame.com', 'customer', '', '9b5a37289ac836fa29cf9c37e5dae9f6.jpg', 'c71954f692fa4d447ef987b15080233a', 'normal', 'no', 'active', 'yes', 'IOS', 'D418A2F5-8DA5-4B2A-BCF2-2F59DDCD9D56', '2018-04-26 08:35:51', '2018-03-20 18:49:34', '2018-04-26 08:35:51'),
(342, 'Burhan', 'Khan', 'test.burhan@ifisol.com', 'customer', '', '2c9ec556799aff4ce4dd4e4d9e0e8380.jpg', 'e10adc3949ba59abbe56e057f20f883e', 'normal', 'no', 'active', 'yes', 'IOS', 'fgfgf', '2018-04-26 12:34:06', '2018-03-23 06:00:00', '2018-04-26 12:34:06'),
(343, 'Sam', 'James', 'saqib@ifisol.com', 'cafe_admin', '123456', 'P0MJUOLwckrg.jpg', 'e10adc3949ba59abbe56e057f20f883e', 'normal', 'no', 'active', 'yes', 'WEB', '', '2018-05-09 06:37:21', '2018-04-10 06:00:00', '2018-04-26 11:19:52'),
(344, 'luke', 'McD', 'er@er.com', 'customer', '', 'ed74f35eab5d7fd321255e8380ff6033.jpg', 'e10adc3949ba59abbe56e057f20f883e', 'normal', 'no', 'active', 'yes', 'ANDROID', '', '2018-06-09 06:48:02', '2018-04-26 21:54:19', '2018-06-09 06:48:02'),
(345, 'Ahmed', 'Khan', 'rizwanashaheen1954@hotmail.com', 'customer', '03335063763', 'bcea85303f7415bb20d1507c5a9b86f4.jpg', '90b0cdc8e8f8790319688e320d5b1a0a', 'normal', 'no', 'active', 'yes', 'IOS', 'D5D2B6D4-A8DA-4470-8F6A-E6B52520EC10', '2018-04-26 23:33:59', '2018-04-26 23:33:59', '2018-04-26 23:33:59'),
(346, 'Ayesha', 'butt', 'asha_buh@yahoo.com', 'customer', '', '69835f6bfc86bbb24e6bb9491ea131ff.jpg', '5e9d11a14ad1c8dd77e98ef9b53fd1ba', 'normal', 'no', 'active', 'yes', 'IOS', '5BE03DD0-249C-4527-B339-8341592AEC35', '2018-04-26 18:13:11', '2018-04-27 00:09:09', '2018-04-27 00:13:11'),
(347, 'mama', 'iqbal', 'mama@iqbal.com', 'customer', '', '7e587cd86c776a2a7390a7e95eab50ef.jpg', 'e10adc3949ba59abbe56e057f20f883e', 'normal', 'no', 'active', 'yes', 'IOS', '19B82D5B-A067-4B67-BCA5-B9FFB1A4D5BE', '2018-05-24 10:50:33', '2018-06-08 06:00:00', '2018-05-24 10:50:33'),
(348, 'raven', 'burns', 'raven@hotmail.com', 'cafe_admin', '', '', 'e8289f11c68d4dd6130dcdf8c096fe0f', 'normal', 'no', 'pending', 'no', 'WEB', '', '2018-05-09 01:07:23', '2018-05-09 01:07:23', '2018-05-09 01:07:23'),
(349, 'raven', 'burns', 'raven@blackbirdbread.com', 'cafe_admin', '', '', 'e8289f11c68d4dd6130dcdf8c096fe0f', 'normal', 'no', 'active', 'no', 'WEB', '', '2018-05-08 19:16:05', '2018-05-09 01:14:59', '2018-05-09 01:16:05'),
(350, 'luke', 'mcd', 'haas@hass.com', 'cafe_admin', '', '', 'e10adc3949ba59abbe56e057f20f883e', 'normal', 'no', 'pending', 'no', 'WEB', '', '2018-05-09 01:54:36', '2018-05-09 01:54:36', '2018-05-09 01:54:36'),
(351, 'luke', 'mcd', 'hass@hass.com', 'cafe_admin', '', '', 'e10adc3949ba59abbe56e057f20f883e', 'normal', 'no', 'pending', 'no', 'WEB', '', '2018-05-09 01:55:28', '2018-05-09 01:55:28', '2018-05-09 01:55:28'),
(355, 'luke', 'mcd', 'lisa@cupcardcafe.com', 'cafe_admin', '', '', 'e10adc3949ba59abbe56e057f20f883e', 'normal', 'no', 'pending', 'no', 'WEB', '', '2018-05-09 02:44:23', '2018-05-09 02:44:23', '2018-05-09 02:44:23'),
(356, 'luke', 'mcd', 'lukesmcdowall@outlook.com', 'cafe_admin', '', '', 'e10adc3949ba59abbe56e057f20f883e', 'normal', 'no', 'pending', 'no', 'WEB', '', '2018-05-09 02:59:35', '2018-05-09 02:59:35', '2018-05-09 02:59:35'),
(357, 'luke', 'mcd', 'lisar@cupcardcafe.com', 'cafe_admin', '', '', 'e10adc3949ba59abbe56e057f20f883e', 'normal', 'no', 'pending', 'no', 'WEB', '', '2018-05-09 03:15:32', '2018-05-09 03:15:32', '2018-05-09 03:15:32'),
(359, 'luke', 'mcd', 'lukes@cupcardcafe.com', 'cafe_admin', '', '', 'e10adc3949ba59abbe56e057f20f883e', 'normal', 'no', 'pending', 'no', 'WEB', '', '2018-05-09 03:58:29', '2018-05-09 03:58:29', '2018-05-09 03:58:29'),
(360, 'Luke', 'M', 'luk@cupcardcafe.com', 'cafe_admin', '', '', 'e10adc3949ba59abbe56e057f20f883e', 'normal', 'no', 'pending', 'no', 'WEB', '', '2018-05-09 04:56:53', '2018-05-09 04:56:53', '2018-05-09 04:56:53'),
(361, 'l', 'n', 'pp@pp.com', 'cafe_admin', '', '', 'e10adc3949ba59abbe56e057f20f883e', 'normal', 'no', 'pending', 'no', 'WEB', '', '2018-05-09 05:49:29', '2018-05-09 05:49:29', '2018-05-09 05:49:29'),
(362, 'l', 'mcd', 'lu@cupcardcafe.com', 'cafe_admin', '', '', 'e10adc3949ba59abbe56e057f20f883e', 'normal', 'no', 'pending', 'no', 'WEB', '', '2018-05-09 11:16:00', '2018-05-09 11:16:00', '2018-05-09 11:16:00'),
(363, 'Test', 'User', 'cupcard@tomf.ca', 'customer', '', 'd8d3117d4d2fa214a56ca4ee6177583d.jpg', '13045f76fe6b1246936bac91c20053f7', 'normal', 'no', 'active', 'yes', 'ANDROID', '', '2018-05-19 05:52:17', '2018-05-19 05:52:17', '2018-05-19 05:52:17'),
(364, 'John', 'smith', 'iimm@gmail.com', 'customer', '', 'bced3cccc99c9d8dd045ccb75616209c.jpg', 'e10adc3949ba59abbe56e057f20f883e', 'normal', 'no', 'active', 'yes', 'IOS', '3CC74B9B-1C3F-4CD9-85FD-0BE516D29F88', '2018-05-25 19:50:12', '2018-05-25 19:50:12', '2018-05-25 19:50:12'),
(365, 'new in app', 'user test', 'jack@ifi.com', 'customer', '', 'c5d48e4837d09ecc785baa5c5f797714.jpg', 'e10adc3949ba59abbe56e057f20f883e', 'normal', 'no', 'active', 'yes', 'IOS', 'F7EDC309-1C3F-4D0B-B9DA-31DC15A6CB16', '2018-05-25 19:54:15', '2018-05-25 19:54:15', '2018-05-25 19:54:15'),
(366, 'asd', 'asd', 'asd@asd.com', 'customer', '', 'e15babc73eaa369ab0306f5b0f4cc7ef.jpg', '0eb178cec364c022a189c3814e5f7483', 'normal', 'no', 'active', 'yes', 'IOS', '32627C1F-8099-4E29-B266-34CF3EDE0121', '2018-05-25 20:00:12', '2018-05-25 19:57:02', '2018-05-25 20:00:12'),
(367, 'coffee', 'cup', 'cafecup@apple.com', 'customer', '', '516e8a4079acc3a5032fdbada13c6de1.jpg', 'e10adc3949ba59abbe56e057f20f883e', 'normal', 'no', 'active', 'yes', 'IOS', '2F207DFF-BC2D-493E-853B-E3D9648D5CA6', '2018-05-31 22:22:26', '2018-05-29 09:48:06', '2018-05-31 22:22:26'),
(368, 'testA', 'testB', 'testeter@apple.com', 'customer', '', '8b1a63e97985045280646f16503f2a76.jpg', 'e10adc3949ba59abbe56e057f20f883e', 'normal', 'no', 'active', 'yes', 'IOS', '1573956F-7CAA-431F-A5D5-574B2882F817', '2018-05-29 09:52:04', '2018-05-29 09:52:04', '2018-05-29 09:52:04'),
(369, 'lisa', 'cor', 'li@cupcardcafe.com', 'cafe_admin', '', 'PqRI4i1mG6bL.JPG', 'e10adc3949ba59abbe56e057f20f883e', 'normal', 'no', 'active', 'yes', 'WEB', '', '2018-05-29 05:41:46', '2018-05-29 10:46:10', '2018-05-29 11:41:46'),
(370, 'Ahmed', 'Khan', 'ahmed@ifisol.com', 'cafe_admin', '', '', 'e10adc3949ba59abbe56e057f20f883e', 'normal', 'no', 'pending', 'no', 'WEB', '', '2018-05-29 11:10:30', '2018-05-29 11:10:30', '2018-05-29 11:10:30'),
(371, 'imran', 'khan', 'iiaa@gmail.com', 'customer', '', '26f459a8339f6307a669a2c2a2f9bb6f.jpg', 'e10adc3949ba59abbe56e057f20f883e', 'normal', 'no', 'active', 'yes', 'IOS', '10D585E5-643D-400B-A6D9-114392F371D3', '2018-05-31 21:47:25', '2018-05-31 21:47:25', '2018-05-31 21:47:25'),
(372, 'Luke', 'McDowall', 'mcdowall@apple.com', 'customer', '', 'f7902c5f4613516c8221e6bcdf09bfdf.jpg', 'e10adc3949ba59abbe56e057f20f883e', 'normal', 'no', 'active', 'yes', 'IOS', '374C4C58-10B1-44C5-AA10-506E73079F41', '2018-06-02 06:04:36', '2018-05-31 23:17:38', '2018-06-02 06:04:36'),
(373, 'aa', 'bb', 'aabb@gmail.com', 'customer', '', '9d25089e3bb1a85aba1720caa1f03cc3.jpg', 'e10adc3949ba59abbe56e057f20f883e', 'normal', 'no', 'active', 'yes', 'IOS', '939E22B6-89B7-4DD5-8939-29766FFEBDC5', '2018-06-03 22:24:08', '2018-06-02 21:00:05', '2018-06-03 22:24:08'),
(374, 'Abdul', 'Razzaq', 'arazzaq@ifisol.com', 'customer', '1234567890', '2d4e743ad0d3c72b739da22e00971675.jpg', 'e10adc3949ba59abbe56e057f20f883e', 'normal', 'no', 'active', 'yes', 'IOS', '5E7ABC02-97F0-462A-AAED-FBB003B22B9B', '2018-06-04 13:17:02', '2018-06-04 13:17:02', '2018-06-04 13:17:02'),
(375, 'Lift', 'Coffee', 'liftcoffeeco@cupcardcafe.com', 'cafe_admin', '', '', '7ed0fd81fa4f577c55bda1904fdeda17', 'normal', 'no', 'active', 'no', 'WEB', '', '2018-06-08 21:03:04', '2018-06-09 02:02:18', '2018-06-09 03:03:04'),
(376, 'Moguls', 'Coffee', 'moguls@cupcardcafe.com', 'cafe_admin', '', '', '6d7f027a98e1198dd6ba2fcd93c2b0e1', 'normal', 'no', 'active', 'no', 'WEB', '', '2018-06-08 21:56:24', '2018-06-09 03:44:23', '2018-06-09 03:56:24'),
(377, 'Mt Currie', 'Coffee Co', 'mtcurrie@cupcardcafe.com', 'cafe_admin', '', '', '6dd9e7c94a63ac24e15de4dc52f1be86', 'normal', 'no', 'active', 'no', 'WEB', '', '2018-06-08 22:54:18', '2018-06-09 04:45:31', '2018-06-09 04:54:18'),
(378, 'Pikolo', 'Espresso', 'pikolo@cupcardcafe.com', 'cafe_admin', '', '', 'f710d00bc5425b87169905624ea77c3b', 'normal', 'no', 'active', 'no', 'WEB', '', '2018-06-08 23:09:47', '2018-06-09 05:03:15', '2018-06-09 05:09:47'),
(379, 'Fix', 'Cafe', 'fix@cupcardcafe.com', 'cafe_admin', '', '', '3ba9b1e210e3ae29c66c787953db297d', 'normal', 'no', 'active', 'no', 'WEB', '', '2018-06-08 23:27:30', '2018-06-09 05:15:18', '2018-06-09 05:27:30'),
(380, 'Cheaky''s', 'Cafe', 'cheakys@cupcardcafe.com', 'cafe_admin', '', '', 'b22c0f828ae929d7d71d254b9ccc1866', 'normal', 'no', 'active', 'no', 'WEB', '', '2018-06-08 23:58:56', '2018-06-09 05:34:52', '2018-06-09 05:58:56'),
(381, 'ahmed', 'khan', 'hahshshau@hdbdh.com', 'customer', '1234567890', 'bcac338c6542d3ed8d228a5d640e3297.jpg', 'e10adc3949ba59abbe56e057f20f883e', 'normal', 'no', 'active', 'yes', 'IOS', 'DA56E600-5B2D-4E9C-86B4-E7E5711ECEB7', '2018-06-09 05:53:42', '2018-06-09 05:53:42', '2018-06-09 05:53:42'),
(382, 'Lukes', 'pay test', 'luke@paytest.com', 'customer', '', 'cb6c58fc061b4370def66d5b2c07c5db.jpg', 'e10adc3949ba59abbe56e057f20f883e', 'normal', 'no', 'active', 'yes', 'IOS', '2C12249B-4A8E-4D32-858B-96F73CBE38B3', '2018-06-09 06:16:31', '2018-06-09 06:10:19', '2018-06-09 06:16:31'),
(383, 'Fuel + Forest', 'Cafe', 'fuel@cupcardcafe.com', 'cafe_admin', '', '', 'c7a03786f6a142869f13b284446f1700', 'normal', 'no', 'active', 'no', 'WEB', '', '2018-06-09 02:48:39', '2018-06-09 08:33:27', '2018-06-09 08:48:39'),
(384, 'Urraish', 'Raza', 'uraza095@topikt.com', 'customer', '12345678980', '2a633f95cd08dc80319f59dadba7678c.jpg', 'e10adc3949ba59abbe56e057f20f883e', 'normal', 'no', 'active', 'yes', 'IOS', '664CB06B-8F83-4A4B-8DE5-54B1D41A9E14', '2018-06-12 12:29:16', '2018-06-12 12:29:16', '2018-06-12 12:29:16');

-- --------------------------------------------------------

--
-- Table structure for table `users_subscription`
--

CREATE TABLE IF NOT EXISTS `users_subscription` (
  `id` int(11) NOT NULL,
  `user_id` int(11) NOT NULL,
  `status` enum('active','expired') NOT NULL,
  `promo_code_id` varchar(255) DEFAULT NULL,
  `created_at` timestamp NOT NULL DEFAULT CURRENT_TIMESTAMP ON UPDATE CURRENT_TIMESTAMP,
  `updated_at` timestamp NOT NULL DEFAULT '0000-00-00 00:00:00'
) ENGINE=MyISAM AUTO_INCREMENT=74 DEFAULT CHARSET=latin1;

--
-- Dumping data for table `users_subscription`
--

INSERT INTO `users_subscription` (`id`, `user_id`, `status`, `promo_code_id`, `created_at`, `updated_at`) VALUES
(1, 287, 'expired', '81', '2018-04-17 05:05:02', '0000-00-00 00:00:00'),
(2, 247, 'expired', NULL, '2018-03-16 06:45:12', '0000-00-00 00:00:00'),
(3, 339, 'active', NULL, '2018-05-04 04:55:03', '0000-00-00 00:00:00'),
(4, 248, 'expired', NULL, '2018-03-16 06:48:47', '0000-00-00 00:00:00'),
(5, 248, 'active', NULL, '2018-03-16 12:48:47', '0000-00-00 00:00:00'),
(6, 250, 'expired', NULL, '2018-03-19 06:49:27', '0000-00-00 00:00:00'),
(7, 243, 'expired', NULL, '2018-03-17 14:41:21', '0000-00-00 00:00:00'),
(8, 243, 'expired', NULL, '2018-03-17 14:42:27', '0000-00-00 00:00:00'),
(9, 243, 'expired', NULL, '2018-03-17 14:44:01', '0000-00-00 00:00:00'),
(10, 243, 'active', NULL, '2018-03-17 20:44:01', '0000-00-00 00:00:00'),
(11, 251, 'expired', NULL, '2018-03-17 16:04:13', '0000-00-00 00:00:00'),
(12, 251, 'active', NULL, '2018-03-17 22:04:13', '0000-00-00 00:00:00'),
(13, 252, 'active', NULL, '2018-03-17 22:43:27', '0000-00-00 00:00:00'),
(14, 255, 'active', NULL, '2018-03-17 23:27:57', '0000-00-00 00:00:00'),
(15, 254, 'active', NULL, '2018-03-17 23:38:55', '0000-00-00 00:00:00'),
(16, 256, 'active', NULL, '2018-03-17 23:43:27', '0000-00-00 00:00:00'),
(17, 257, 'active', NULL, '2018-03-17 23:46:13', '0000-00-00 00:00:00'),
(18, 259, 'active', NULL, '2018-03-17 23:53:48', '0000-00-00 00:00:00'),
(19, 258, 'active', NULL, '2018-03-17 23:55:36', '0000-00-00 00:00:00'),
(20, 260, 'expired', NULL, '2018-03-17 18:10:00', '0000-00-00 00:00:00'),
(21, 260, 'active', NULL, '2018-03-18 00:10:00', '0000-00-00 00:00:00'),
(22, 250, 'expired', NULL, '2018-03-19 06:49:42', '0000-00-00 00:00:00'),
(23, 250, 'active', NULL, '2018-03-19 12:49:42', '0000-00-00 00:00:00'),
(24, 261, 'expired', NULL, '2018-03-19 06:51:36', '0000-00-00 00:00:00'),
(25, 261, 'active', NULL, '2018-03-19 12:51:36', '0000-00-00 00:00:00'),
(26, 244, 'active', NULL, '2018-03-19 12:52:52', '0000-00-00 00:00:00'),
(27, 262, 'active', NULL, '2018-03-19 13:22:47', '0000-00-00 00:00:00'),
(28, 263, 'active', NULL, '2018-03-19 13:26:20', '0000-00-00 00:00:00'),
(29, 264, 'active', NULL, '2018-03-19 13:31:13', '0000-00-00 00:00:00'),
(30, 265, 'active', NULL, '2018-03-19 13:35:34', '0000-00-00 00:00:00'),
(31, 249, 'active', NULL, '2018-03-23 15:25:27', '0000-00-00 00:00:00'),
(32, 268, 'active', NULL, '2018-03-31 20:04:56', '0000-00-00 00:00:00'),
(33, 245, 'active', NULL, '2018-04-10 10:58:09', '0000-00-00 00:00:00'),
(45, 315, 'active', '90', '2018-04-17 13:17:09', '2018-04-17 13:17:09'),
(35, 283, 'active', '99', '2018-04-10 12:36:34', '2018-04-10 12:36:34'),
(36, 285, 'active', '98', '2018-04-10 13:01:18', '2018-04-10 13:01:18'),
(37, 293, 'active', '97', '2018-04-11 13:13:54', '2018-04-11 13:13:54'),
(38, 303, 'active', '96', '2018-04-14 15:11:26', '2018-04-14 15:11:26'),
(39, 305, 'active', '95', '2018-04-15 12:49:41', '2018-04-15 12:49:41'),
(40, 307, 'active', '94', '2018-04-15 13:35:44', '2018-04-15 13:35:44'),
(41, 277, 'active', '93', '2018-04-16 01:20:13', '2018-04-16 01:20:13'),
(42, 310, 'active', NULL, '2018-04-16 11:20:08', '0000-00-00 00:00:00'),
(43, 313, 'active', '92', '2018-04-16 13:20:49', '2018-04-16 13:20:49'),
(44, 301, 'active', '91', '2018-04-17 11:23:13', '2018-04-17 11:23:13'),
(46, 316, 'active', '89', '2018-04-17 15:11:54', '2018-04-17 15:11:54'),
(47, 275, 'active', NULL, '2018-04-17 15:53:36', '0000-00-00 00:00:00'),
(48, 276, 'active', NULL, '2018-04-17 15:54:18', '0000-00-00 00:00:00'),
(49, 322, 'active', '88', '2018-04-18 05:28:34', '2018-04-18 05:28:34'),
(50, 309, 'active', NULL, '2018-04-20 18:54:33', '0000-00-00 00:00:00'),
(51, 326, 'active', NULL, '2018-04-20 19:01:55', '0000-00-00 00:00:00'),
(52, 330, 'active', NULL, '2018-04-20 19:05:06', '0000-00-00 00:00:00'),
(53, 331, 'active', NULL, '2018-04-20 21:11:17', '0000-00-00 00:00:00'),
(54, 332, 'active', NULL, '2018-04-23 11:43:31', '0000-00-00 00:00:00'),
(55, 333, 'active', '87', '2018-04-23 11:47:35', '2018-04-23 11:47:35'),
(56, 334, 'active', NULL, '2018-04-23 11:49:45', '0000-00-00 00:00:00'),
(57, 335, 'active', NULL, '2018-04-23 11:50:37', '0000-00-00 00:00:00'),
(58, 336, 'active', NULL, '2018-04-23 11:51:38', '0000-00-00 00:00:00'),
(59, 337, 'active', NULL, '2018-04-23 11:53:04', '0000-00-00 00:00:00'),
(60, 338, 'active', NULL, '2018-04-23 11:59:33', '0000-00-00 00:00:00'),
(66, 344, 'active', NULL, '2018-04-27 00:25:06', '0000-00-00 00:00:00'),
(62, 240, 'active', NULL, '2018-04-23 13:54:46', '0000-00-00 00:00:00'),
(65, 340, 'active', NULL, '2018-04-25 23:42:33', '0000-00-00 00:00:00'),
(67, 267, 'active', '322', '2018-05-08 01:47:29', '2018-05-08 01:47:29'),
(68, 364, 'active', NULL, '2018-05-25 19:53:05', '0000-00-00 00:00:00'),
(69, 365, 'active', NULL, '2018-05-25 19:54:40', '0000-00-00 00:00:00'),
(70, 366, 'active', NULL, '2018-05-25 19:57:37', '0000-00-00 00:00:00'),
(71, 368, 'active', NULL, '2018-05-29 09:52:49', '0000-00-00 00:00:00'),
(72, 371, 'active', NULL, '2018-05-31 22:21:23', '0000-00-00 00:00:00'),
(73, 312, 'active', NULL, '2018-06-09 06:34:54', '0000-00-00 00:00:00');

--
-- Indexes for dumped tables
--

--
-- Indexes for table `cafe_admin`
--
ALTER TABLE `cafe_admin`
  ADD PRIMARY KEY (`cafe_admin_id`);

--
-- Indexes for table `cafe_info`
--
ALTER TABLE `cafe_info`
  ADD PRIMARY KEY (`cafe_id`);

--
-- Indexes for table `cafe_qr`
--
ALTER TABLE `cafe_qr`
  ADD PRIMARY KEY (`cafe_qr_id`);

--
-- Indexes for table `cafe_qr_scanned`
--
ALTER TABLE `cafe_qr_scanned`
  ADD PRIMARY KEY (`qr_scan_id`);

--
-- Indexes for table `cafe_viewed`
--
ALTER TABLE `cafe_viewed`
  ADD PRIMARY KEY (`viewed_id`);

--
-- Indexes for table `promo_codes`
--
ALTER TABLE `promo_codes`
  ADD PRIMARY KEY (`promo_code_id`);

--
-- Indexes for table `users`
--
ALTER TABLE `users`
  ADD PRIMARY KEY (`user_id`);

--
-- Indexes for table `users_subscription`
--
ALTER TABLE `users_subscription`
  ADD PRIMARY KEY (`id`);

--
-- AUTO_INCREMENT for dumped tables
--

--
-- AUTO_INCREMENT for table `cafe_admin`
--
ALTER TABLE `cafe_admin`
  MODIFY `cafe_admin_id` int(11) NOT NULL AUTO_INCREMENT,AUTO_INCREMENT=61;
--
-- AUTO_INCREMENT for table `cafe_info`
--
ALTER TABLE `cafe_info`
  MODIFY `cafe_id` int(11) NOT NULL AUTO_INCREMENT,AUTO_INCREMENT=64;
--
-- AUTO_INCREMENT for table `cafe_qr`
--
ALTER TABLE `cafe_qr`
  MODIFY `cafe_qr_id` int(11) NOT NULL AUTO_INCREMENT,AUTO_INCREMENT=142;
--
-- AUTO_INCREMENT for table `cafe_qr_scanned`
--
ALTER TABLE `cafe_qr_scanned`
  MODIFY `qr_scan_id` int(11) NOT NULL AUTO_INCREMENT,AUTO_INCREMENT=1427;
--
-- AUTO_INCREMENT for table `cafe_viewed`
--
ALTER TABLE `cafe_viewed`
  MODIFY `viewed_id` int(11) NOT NULL AUTO_INCREMENT,AUTO_INCREMENT=1568;
--
-- AUTO_INCREMENT for table `promo_codes`
--
ALTER TABLE `promo_codes`
  MODIFY `promo_code_id` int(11) NOT NULL AUTO_INCREMENT,AUTO_INCREMENT=341;
--
-- AUTO_INCREMENT for table `users`
--
ALTER TABLE `users`
  MODIFY `user_id` int(10) unsigned NOT NULL AUTO_INCREMENT COMMENT 'user_id',AUTO_INCREMENT=385;
--
-- AUTO_INCREMENT for table `users_subscription`
--
ALTER TABLE `users_subscription`
  MODIFY `id` int(11) NOT NULL AUTO_INCREMENT,AUTO_INCREMENT=74;
/*!40101 SET CHARACTER_SET_CLIENT=@OLD_CHARACTER_SET_CLIENT */;
/*!40101 SET CHARACTER_SET_RESULTS=@OLD_CHARACTER_SET_RESULTS */;
/*!40101 SET COLLATION_CONNECTION=@OLD_COLLATION_CONNECTION */;
